"ITEM","RED u OPN_OFERTA","IPRESS","GRUPO OCUPACIONAL","ESPECIALIDAD","PRIORIZACIÓN DE PLAZAS - 3ERA ETAPA CAS COVIDA CAS REGULAR (GOPEE)","","446"
"1","REBAGLIATI","CAI CEDHI","TECNICO DE ENFERMERIA","","1","",""
"2","REBAGLIATI","CAP II LURIN","ENFERMERA","","1","",""
"3","REBAGLIATI","CAP II LURIN","MEDICO GENERAL","","3","",""
"4","REBAGLIATI","CAP II LURIN","TECNICO DE ENFERMERIA","","2","",""
"5","REBAGLIATI","CAP III SAN ISIDRO","TECNICO DE ENFERMERIA","","2","",""
"6","REBAGLIATI","CAP III SJM","MEDICO GENERAL","","1","",""
"7","REBAGLIATI","CAP III SURQUILLO","MEDICO GENERAL","","1","",""
"8","REBAGLIATI","CAP III SURQUILLO","TECNICO DE ENFERMERIA","","3","",""
"9","REBAGLIATI","CM MALA","ENFERMERA","","1","",""
"10","REBAGLIATI","CM MALA","MEDICO GENERAL","","2","",""
"11","REBAGLIATI","CM MALA","TECNICO DE ENFERMERIA","","2","",""
"12","REBAGLIATI","H I ALCANTARA","MEDICO ESPECIALISTA","DERMATOLOGIA","1","",""
"13","REBAGLIATI","H I ALCANTARA","TECNOLOGO MEDICO","RADIOLOGIA","1","",""
"14","REBAGLIATI","H I ULDARICO","MEDICO ESPECIALISTA","MEDICINA INTERNA","1","",""
"15","REBAGLIATI","H I ULDARICO","TECNOLOGO MEDICO","RADIOLOGIA","1","",""
"16","REBAGLIATI","H II CAÑETE","MEDICO ESPECIALISTA","MEDICINA DE ENFERMEDADES INFECCIOSAS Y TROPICALES","1","",""
"17","REBAGLIATI","H II CAÑETE","MEDICO GENERAL","","5","",""
"18","REBAGLIATI","H II CAÑETE","OBSTETRA","","2","",""
"19","REBAGLIATI","H II CAÑETE","TECNICO DE ENFERMERIA","","2","",""
"20","REBAGLIATI","H II CAÑETE","TECNOLOGO MEDICO","RADIOLOGIA","1","",""
"21","REBAGLIATI","HIII ANGAMOS","DIGITADOR ASISTENCIAL","","1","",""
"22","REBAGLIATI","HIII ANGAMOS","MEDICO ESPECIALISTA","CIRUGIA GENERAL","1","",""
"23","REBAGLIATI","HIII ANGAMOS","MEDICO ESPECIALISTA","MEDICINA INTERNA","1","",""
"24","REBAGLIATI","HIII ANGAMOS","MEDICO GENERAL","","2","",""
"25","REBAGLIATI","HIII ANGAMOS","TECNICO DE ENFERMERIA","","8","",""
"26","REBAGLIATI","HIII ANGAMOS","TECNOLOGO MEDICO","RADIOLOGIA","1","",""
"27","REBAGLIATI","HM SJM","ENFERMERA","","1","",""
"28","REBAGLIATI","HM SJM","TECNICO DE ENFERMERIA","","2","",""
"29","REBAGLIATI","HM SJM","TECNOLOGO MEDICO","RADIOLOGIA","1","",""
"30","REBAGLIATI","HNERM","AUXILIAR DE SERVICIO ASISTENCIAL","","8","",""
"31","REBAGLIATI","HNERM","DIGITADOR ASISTENCIAL","","2","",""
"32","REBAGLIATI","HNERM","ENFERMERA","","147","",""
"33","REBAGLIATI","HNERM","MEDICO ESPECIALISTA","ANESTESIOLOGIA","2","",""
"34","REBAGLIATI","HNERM","MEDICO ESPECIALISTA","CARDIOLOGIA","1","",""
"35","REBAGLIATI","HNERM","MEDICO ESPECIALISTA","CIRUGIA DE TORAX Y CARDIOVASCULAR","1","",""
"36","REBAGLIATI","HNERM","MEDICO ESPECIALISTA","GASTROENTEROLOGIA","2","",""
"37","REBAGLIATI","HNERM","MEDICO ESPECIALISTA","GINECOLOGIA Y OBSTETRICIA","5","",""
"38","REBAGLIATI","HNERM","MEDICO ESPECIALISTA","MEDICINA DE EMERGENCIA Y DESASTRES","1","",""
"39","REBAGLIATI","HNERM","MEDICO ESPECIALISTA","MEDICINA FISICA Y REHABILITACION","2","",""
"40","REBAGLIATI","HNERM","MEDICO ESPECIALISTA","MEDICINA INTENSIVA","3","",""
"41","REBAGLIATI","HNERM","MEDICO ESPECIALISTA","NEUROCIRUGIA","1","",""
"42","REBAGLIATI","HNERM","MEDICO ESPECIALISTA","PATOLOGIA CLINICA","1","",""
"43","REBAGLIATI","HNERM","MEDICO ESPECIALISTA","PEDIATRIA","2","",""
"44","REBAGLIATI","HNERM","MEDICO ESPECIALISTA","PEDIATRIA","2","",""
"45","REBAGLIATI","HNERM","MEDICO ESPECIALISTA","PEDIATRIA","1","",""
"46","REBAGLIATI","HNERM","MEDICO ESPECIALISTA","RADIOLOGIA","1","",""
"47","REBAGLIATI","HNERM","NUTRICIONISTA","","3","",""
"48","REBAGLIATI","HNERM","OBSTETRA","","7","",""
"49","REBAGLIATI","HNERM","QUIMICO FARMACEUTICO","","5","",""
"50","REBAGLIATI","HNERM","TECNICO DE ENFERMERIA","","40","",""
"51","REBAGLIATI","HNERM","TECNICO NO DIPLOMADO","FARMACIA","3","",""
"52","REBAGLIATI","HNERM","TECNICO NO DIPLOMADO","LABORATORIO","3","",""
"53","REBAGLIATI","HNERM","TECNICO NO DIPLOMADO","NO ESPECIFICA","5","",""
"54","REBAGLIATI","HNERM","TECNOLOGO MEDICO","LABORATORIO CLINICO Y ANATOMIA PATOLOGICA","7","",""
"55","REBAGLIATI","HNERM","TECNOLOGO MEDICO","RADIOLOGIA","5","",""
"56","REBAGLIATI","POL CHINCHA","MEDICO GENERAL","","1","",""
"57","REBAGLIATI","POL CHINCHA","TECNICO DE ENFERMERIA","","1","",""
"58","REBAGLIATI","POL JJR LAZO","MEDICO GENERAL","","4","",""
"59","REBAGLIATI","POL PREV LARCO","TECNICO DE ENFERMERIA","","1","",""
"60","REBAGLIATI","POL PREV LARCO","TECNOLOGO MEDICO","LABORATORIO CLINICO Y ANATOMIA PATOLOGICA","1","",""
"61","REBAGLIATI","POL STA CRUZ","TECNICO DE ENFERMERIA","","2","",""
"62","TUMBES","HOSPITAL I CARLOS ALBERTO CORTEZ JIMENEZ","ENFERMERA","","3","",""
"63","TUMBES","HOSPITAL I CARLOS ALBERTO CORTEZ JIMENEZ","MEDICO ESPECIALISTA","GINECOLOGIA Y OBSTETRICIA","1","",""
"64","TUMBES","HOSPITAL I CARLOS ALBERTO CORTEZ JIMENEZ","MEDICO GENERAL","","6","",""
"65","TUMBES","HOSPITAL I CARLOS ALBERTO CORTEZ JIMENEZ","TECNICO DE ENFERMERIA","","3","",""
"66","AREQUIPA","C.M. APLAO","ENFERMERA","","1","",""
"67","AREQUIPA","C.M. APLAO","MEDICO GENERAL","","2","",""
"68","AREQUIPA","CAP I PEDREGAL","ENFERMERA","","1","",""
"69","AREQUIPA","CAP I YURA","MEDICO GENERAL","","1","",""
"70","AREQUIPA","CAP II HUNTER","DIGITADOR ASISTENCIAL","","1","",""
"71","AREQUIPA","CAP II HUNTER","ENFERMERA","","3","",""
"72","AREQUIPA","CAP II HUNTER","MEDICO GENERAL","","3","",""
"73","AREQUIPA","CAP II HUNTER","TECNICO DE ENFERMERIA","","1","",""
"74","AREQUIPA","CAP III ALTO SELVA ALEGRE","MEDICO GENERAL","","3","",""
"75","AREQUIPA","CAP III MELITON SALAS TEJADA","DIGITADOR ASISTENCIAL","","2","",""
"76","AREQUIPA","CAP III MELITON SALAS TEJADA","MEDICO GENERAL","","1","",""
"77","AREQUIPA","CAP III MIRAFLORES","DIGITADOR ASISTENCIAL","","2","",""
"78","AREQUIPA","CAP III MIRAFLORES","ENFERMERA","","1","",""
"79","AREQUIPA","CAP III MIRAFLORES","MEDICO GENERAL","","1","",""
"80","AREQUIPA","CAP III PAUCARPATA","ENFERMERA","","1","",""
"81","AREQUIPA","CAP III PAUCARPATA","MEDICO GENERAL","","2","",""
"82","AREQUIPA","CAP III PAUCARPATA","DIGITADOR ASISTENCIAL","","1","",""
"83","AREQUIPA","HN CARLOS SEGUIN ESCOBEDO","AUXILIAR DE SERVICIO ASISTENCIAL","NUTRICION","2","",""
"84","AREQUIPA","HN CARLOS SEGUIN ESCOBEDO","DIGITADOR ASISTENCIAL","","4","",""
"85","AREQUIPA","HN CARLOS SEGUIN ESCOBEDO","ENFERMERA","","22","",""
"86","AREQUIPA","HN CARLOS SEGUIN ESCOBEDO","MEDICO GENERAL","","2","",""
"87","AREQUIPA","HN CARLOS SEGUIN ESCOBEDO","MEDICO ESPECIALISTA","CARDIOLOGIA","1","",""
"88","AREQUIPA","HN CARLOS SEGUIN ESCOBEDO","MEDICO ESPECIALISTA","MEDICINA DE EMERGENCIA Y DESASTRES","2","",""
"89","AREQUIPA","HN CARLOS SEGUIN ESCOBEDO","MEDICO ESPECIALISTA","MEDICINA FISICA Y REHABILITACION","1","",""
"90","AREQUIPA","HN CARLOS SEGUIN ESCOBEDO","TECNICO DE ENFERMERIA","","15","",""
"91","AREQUIPA","HOSPITAL I EDMUNDO ESCOMEL","AUXILIAR DE SERVICIO ASISTENCIAL","NUTRICION","2","",""
"92","AREQUIPA","HOSPITAL I EDMUNDO ESCOMEL","BIOLOGO","","2","",""
"93","AREQUIPA","HOSPITAL I EDMUNDO ESCOMEL","DIGITADOR ASISTENCIAL","","3","",""
"94","AREQUIPA","HOSPITAL I EDMUNDO ESCOMEL","ENFERMERA","","3","",""
"95","AREQUIPA","HOSPITAL I EDMUNDO ESCOMEL","MEDICO ESPECIALISTA","MEDICINA DE EMERGENCIA Y DESASTRES","1","",""
"96","AREQUIPA","HOSPITAL I EDMUNDO ESCOMEL","MEDICO ESPECIALISTA","MEDICINA FAMILIAR Y SALUD COMUNITARIA","1","",""
"97","AREQUIPA","HOSPITAL I EDMUNDO ESCOMEL","MEDICO ESPECIALISTA","MEDICINA INTERNA","1","",""
"98","AREQUIPA","HOSPITAL I EDMUNDO ESCOMEL","MEDICO GENERAL","","9","",""
"99","AREQUIPA","HOSPITAL I EDMUNDO ESCOMEL","OBSTETRA","","1","",""
"100","AREQUIPA","HOSPITAL I EDMUNDO ESCOMEL","QUIMICO FARMACEUTICO","","1","",""
"101","AREQUIPA","HOSPITAL I EDMUNDO ESCOMEL","TECNICO DE ENFERMERIA","","5","",""
"102","AREQUIPA","HOSPITAL I EDMUNDO ESCOMEL","TECNICO NO DIPLOMADO","FARMACIA","1","",""
"103","AREQUIPA","HOSPITAL I EDMUNDO ESCOMEL","TECNICO NO DIPLOMADO","LABORATORIO","2","",""
"104","AREQUIPA","HOSPITAL I EDMUNDO ESCOMEL","TECNOLOGO MEDICO","LABORATORIO CLINICO Y ANATOMIA PATOLOGICA","1","",""
"105","AREQUIPA","HOSPITAL I EDMUNDO ESCOMEL","TECNOLOGO MEDICO","MEDICINA FISICA Y REHABILITACION","1","",""
"106","AREQUIPA","HOSPITAL I SAMUEL PASTOR","DIGITADOR ASISTENCIAL","","1","",""
"107","AREQUIPA","HOSPITAL I SAMUEL PASTOR","ENFERMERA","","1","",""
"108","AREQUIPA","HOSPITAL I SAMUEL PASTOR","MEDICO ESPECIALISTA","MEDICINA FAMILIAR Y SALUD COMUNITARIA","1","",""
"109","AREQUIPA","HOSPITAL I SAMUEL PASTOR","MEDICO GENERAL","","4","",""
"110","AREQUIPA","HOSPITAL II MANUEL DE TORRES MUÑOZ","DIGITADOR ASISTENCIAL","","2","",""
"111","AREQUIPA","HOSPITAL II MANUEL DE TORRES MUÑOZ","ENFERMERA","","1","",""
"112","AREQUIPA","HOSPITAL II MANUEL DE TORRES MUÑOZ","MEDICO GENERAL","","8","",""
"113","AREQUIPA","HOSPITAL II MANUEL DE TORRES MUÑOZ","MEDICO ESPECIALISTA","MEDICINA INTERNA","1","",""
"114","AREQUIPA","HOSPITAL II MANUEL DE TORRES MUÑOZ","TECNICO DE ENFERMERIA","","1","",""
"115","AREQUIPA","HOSPITAL III YANAHUARA","CHOFER DE AMBULANCIA","","1","",""
"116","AREQUIPA","HOSPITAL III YANAHUARA","DIGITADOR ASISTENCIAL","","3","",""
"117","AREQUIPA","HOSPITAL III YANAHUARA","ENFERMERA","","5","",""
"118","AREQUIPA","HOSPITAL III YANAHUARA","MEDICO ESPECIALISTA","GINECOLOGIA Y OBSTETRICIA","1","",""
"119","AREQUIPA","HOSPITAL III YANAHUARA","MEDICO ESPECIALISTA","MEDICINA DE EMERGENCIA Y DESASTRES","1","",""
"120","AREQUIPA","HOSPITAL III YANAHUARA","MEDICO ESPECIALISTA","NEONATOLOGIA","1","",""
"121","AREQUIPA","HOSPITAL III YANAHUARA","TECNICO DE ENFERMERIA","","4","",""
"122","AREQUIPA","HOSPITAL III YANAHUARA","TECNICO NO DIPLOMADO","LABORATORIO","2","",""
"123","AREQUIPA","P.M. LA JOYA","MEDICO GENERAL","","1","",""
"124","AREQUIPA","P.M. MATARANI","MEDICO GENERAL","","1","",""
"125","AREQUIPA","POLICLINICO METROPOLITANO","DIGITADOR ASISTENCIAL","","2","",""
"126","AREQUIPA","POLICLINICO METROPOLITANO","ENFERMERA","","2","",""
"127","AREQUIPA","POLICLINICO METROPOLITANO","MEDICO GENERAL","","5","",""
"128","AREQUIPA","POLICLINICO METROPOLITANO","TECNICO DE ENFERMERIA","","1","",""
"129","AREQUIPA","POLICLINICO METROPOLITANO","CHOFER DE AMBULANCIA","","1","",""
"130","AREQUIPA","POLICLINICO METROPOLITANO","AUXILIAR DE SERVICIO ASISTENCIAL","","1","",""
"131","ANCASH","CAP II SAN JACINTO","ENFERMERA","","1","",""
"132","ANCASH","CENTRO MEDICO CASMA","MEDICO GENERAL","","1","",""
"133","ANCASH","CENTRO MEDICO COISHCO","CHOFER DE AMBULANCIA","","1","",""
"134","ANCASH","CENTRO MEDICO COISHCO","MEDICO GENERAL","","1","",""
"135","ANCASH","CENTRO MEDICO COISHCO","TECNICO NO DIPLOMADO","LABORATORIO","1","",""
"136","ANCASH","CENTRO MEDICO HUARMEY","CHOFER DE AMBULANCIA","","1","",""
"137","ANCASH","CENTRO MEDICO HUARMEY","ENFERMERA","","1","",""
"138","ANCASH","CENTRO MEDICO HUARMEY","TECNICO DE ENFERMERIA","","1","",""
"139","ANCASH","CENTRO MEDICO SIHUAS","MEDICO GENERAL","","1","",""
"140","ANCASH","HOSPITAL III CHIMBOTE","ENFERMERA","","5","",""
"141","ANCASH","HOSPITAL III CHIMBOTE","MEDICO ESPECIALISTA","ANESTESIOLOGIA","1","",""
"142","ANCASH","HOSPITAL III CHIMBOTE","MEDICO ESPECIALISTA","NEFROLOGIA","1","",""
"143","ANCASH","HOSPITAL III CHIMBOTE","TECNICO DE ENFERMERIA","","3","",""
"144","ANCASH","HOSPITAL III CHIMBOTE","TECNOLOGO MEDICO","LABORATORIO CLINICO Y ANATOMIA PATOLOGICA","1","",""
"145","ANCASH","PCC VICTOR PANTA RODRIGUEZ","MEDICO GENERAL","","2","",""
"146","ANCASH","POSTA MEDICA CABANA","TECNICO DE ENFERMERIA","","1","",""
"147","ANCASH","POSTA MEDICA CONCHUCOS","TECNICO DE ENFERMERIA","","1","",""
"148","ANCASH","POSTA MEDICA PAMPAS","TECNICO DE ENFERMERIA","","1","",""
"149","GOF","CEPRIT","DIGITADOR ASISTENCIAL","","4","",""
"150","GOF","CEPRIT","ENFERMERA","","10","",""
"151","GOF","CEPRIT","MEDICO GENERAL","","1","0",""
"152","GOF","CEPRIT","TECNICO DE ENFERMERIA","","1","",""
"153","GOF","CRUEN","MEDICO GENERAL","","8","",""
"154","GOF","SG ATENCION DOMICILIARIA","CHOFER DE AMBULANCIA","","55","",""
"155","GOF","SG ATENCION DOMICILIARIA","DIGITADOR ASISTENCIAL","","10","",""
"156","GOF","SG ATENCION DOMICILIARIA","DIGITADOR ASISTENCIAL","","10","",""
"157","GOF","SG ATENCION DOMICILIARIA","DIGITADOR ASISTENCIAL","","5","",""
"158","GOF","SG ATENCION DOMICILIARIA","ENFERMERA","","14","",""
"159","GOF","SG ATENCION DOMICILIARIA","ENFERMERA","","25","",""
"160","GOF","SG ATENCION DOMICILIARIA","ENFERMERA","","3","",""
"161","GOF","SG ATENCION DOMICILIARIA","ENFERMERA","","10","",""
"162","GOF","SG ATENCION DOMICILIARIA","ENFERMERA","","30","",""
"163","GOF","SG ATENCION DOMICILIARIA","MEDICO GENERAL","","90","",""
"164","GOF","SG ATENCION DOMICILIARIA","MEDICO GENERAL","","25","",""
"165","GOF","SG ATENCION DOMICILIARIA","MEDICO GENERAL","","40","",""
"166","GOF","SG ATENCION DOMICILIARIA","PSICOLOGO","","1","",""
"167","GOF","SG ATENCION DOMICILIARIA","PSICOLOGO","","1","",""
"168","GOF","SG ATENCION DOMICILIARIA","QUIMICO FARMACEUTICO","","2","",""
"169","GOF","SG ATENCION DOMICILIARIA","TECNICO NO DIPLOMADO","FARMACIA","7","",""
"170","GOF","SG ATENCION DOMICILIARIA","TECNICO NO DIPLOMADO","LABORATORIO CLINICO Y ANATOMIA PATOLOGICA","2","",""
"171","GOF","SG STAE","TECNICO DE ENFERMERIA","","8","",""
"172","GOF","SGPE-DIRECCIÓN HOSPITAL PERU ","ENFERMERA","","1","",""
"173","GOF","SGPE-DIRECCIÓN HOSPITAL PERU ","TECNOLOGO MEDICO","LABORATORIO CLINICO Y ANATOMIA PATOLOGICA","2","",""
"174","GOF","SGPE-DIRECCIÓN PROYECTOS ESPECIALES","DIGITADOR ASISTENCIAL","","5","",""
"175","GOF","SGPE-DIRECCIÓN PROYECTOS ESPECIALES","ENFERMERA","","4","",""
"176","GOF","SGPE-DIRECCIÓN PROYECTOS ESPECIALES","MEDICO ESPECIALISTA","PATOLOGIA CLINICA","1","",""
"177","GOF","SGPE-DIRECCIÓN PROYECTOS ESPECIALES","MEDICO ESPECIALISTA","RADIOLOGIA","1","",""
"178","GOF","SGPE-DIRECCIÓN PROYECTOS ESPECIALES","MEDICO GENERAL","","13","",""
"179","GOF","SGPE-DIRECCIÓN PROYECTOS ESPECIALES","TECNOLOGO MEDICO","LABORATORIO CLINICO Y ANATOMIA PATOLOGICA","2","",""
"180","GOF","SGPE-DIRECCIÓN PROYECTOS ESPECIALES","TECNOLOGO MEDICO","RADIOLOGIA","1","",""
"181","MADRE DE DIOS","HOSP. I VICTOR ALFREDO LAZO PERALTA","ENFERMERA","","3","",""
"182","MADRE DE DIOS","HOSP. I VICTOR ALFREDO LAZO PERALTA","MEDICO GENERAL","","2","",""
"183","MADRE DE DIOS","HOSP. I VICTOR ALFREDO LAZO PERALTA","TECNOLOGO MEDICO","RADIOLOGIA","1","",""
"184","PASCO","CAP II HUAYLLAY","ENFERMERA","","1","",""
"185","PASCO","CAP II HUAYLLAY","MEDICO GENERAL","","1","",""
"186","PASCO","CM SAN JUAN","MEDICO GENERAL","","2","",""
"187","PASCO","HOSPITAL II E HUARIACA","CHOFER DE AMBULANCIA","","1","",""
"188","PASCO","HOSPITAL II E HUARIACA","ENFERMERA","","3","",""
"189","PASCO","HOSPITAL II E HUARIACA","TECNICO DE ENFERMERIA","","3","",""
"190","PASCO","HOSPITAL II PASCO","ENFERMERA","","6","",""
"191","PASCO","HOSPITAL II PASCO","MEDICO GENERAL","","3","",""
"192","PASCO","HOSPITAL II PASCO","TECNICO DE ENFERMERIA","","7","",""
"193","APURIMAC","CAP I ANTABAMBA","ENFERMERA","","1","",""
"194","APURIMAC","CAP I ANTABAMBA","MEDICO GENERAL","","1","",""
"195","APURIMAC","CAP II CHALHUANCA","ENFERMERA","","1","",""
"196","APURIMAC","CAP II CHALHUANCA","MEDICO GENERAL","","1","",""
"197","APURIMAC","CAP II CHINCHEROS","ENFERMERA","","1","",""
"198","APURIMAC","CAP II CHINCHEROS","MEDICO GENERAL","","1","",""
"199","APURIMAC","CAP II COTABAMBAS","ENFERMERA","","1","",""
"200","APURIMAC","CAP II COTABAMBAS","MEDICO GENERAL","","1","",""
"201","APURIMAC","CAP II COTABAMBAS","TECNICO DE ENFERMERIA","","1","",""
"202","APURIMAC","HOSPITAL I ANDAHUAYLAS","ENFERMERA","","3","",""
"203","APURIMAC","HOSPITAL I ANDAHUAYLAS","MEDICO GENERAL","","2","",""
"204","APURIMAC","HOSPITAL I ANDAHUAYLAS","OBSTETRA","","1","",""
"205","APURIMAC","HOSPITAL I ANDAHUAYLAS","TECNICO DE ENFERMERIA","","2","",""
"206","APURIMAC","HOSPITAL I ANDAHUAYLAS","TECNICO NO DIPLOMADO","FARMACIA","1","",""
"207","APURIMAC","HOSPITAL II ABANCAY","MEDICO ESPECIALISTA","MEDICINA INTENSIVA","1","",""
"208","APURIMAC","HOSPITAL II ABANCAY","TECNICO DE ENFERMERIA","","1","",""
"209","APURIMAC","HOSPITAL II ABANCAY","TECNOLOGO MEDICO","RADIOLOGIA","1","",""
"210","APURIMAC","HOSPITAL II ABANCAY","TECNOLOGO MEDICO","TERAPIA FISICA Y REHABILITACION","1","",""
"211","APURIMAC","P.M. CHUQUIBAMBILLA","MEDICO GENERAL","","1","",""
"212","APURIMAC","P.M. CURAHUASI","MEDICO GENERAL","","1","",""
"213","APURIMAC","PCC LAS AMERICAS","DIGITADOR ASISTENCIAL","","1","",""
"214","APURIMAC","PCC LAS AMERICAS","ENFERMERA","","2","",""
"215","APURIMAC","PCC LAS AMERICAS","MEDICO GENERAL","","2","",""
"216","APURIMAC","PCC LAS AMERICAS","TECNICO DE ENFERMERIA","","1","",""
"217","APURIMAC","PCC LAS AMERICAS","TECNICO NO DIPLOMADO","FARMACIA","1","",""
"218","JAEN","CAP II SAN IGNACIO","MEDICO GENERAL","","2","",""
"219","JAEN","HOSPITAL II JAEN","BIOLOGO","","1","",""
"220","JAEN","HOSPITAL II JAEN","DIGITADOR ASISTENCIAL","","4","",""
"221","JAEN","HOSPITAL II JAEN","ENFERMERA","","4","",""
"222","JAEN","HOSPITAL II JAEN","MEDICO ESPECIALISTA","ANESTESIOLOGIA","3","",""
"223","JAEN","HOSPITAL II JAEN","MEDICO ESPECIALISTA","GINECOLOGIA Y OBSTETRICIA","1","",""
"224","JAEN","HOSPITAL II JAEN","MEDICO ESPECIALISTA","PEDIATRIA","1","",""
"225","JAEN","HOSPITAL II JAEN","MEDICO GENERAL","","6","",""
"226","JAEN","HOSPITAL II JAEN","NUTRICIONISTA","","3","",""
"227","JAEN","HOSPITAL II JAEN","OBSTETRA","","1","",""
"228","JAEN","HOSPITAL II JAEN","PSICOLOGO","","1","",""
"229","JAEN","HOSPITAL II JAEN","QUIMICO FARMACEUTICO","","3","",""
"230","JAEN","HOSPITAL II JAEN","TECNICO DE ENFERMERIA","","5","",""
"231","JAEN","HOSPITAL II JAEN","TECNICO NO DIPLOMADO","FARMACIA","1","",""
"232","JAEN","HOSPITAL II JAEN","TECNOLOGO MEDICO","TERAPIA FISICA Y REHABILITACION","2","",""
"233","JAEN","PM PUCARA","DIGITADOR ASISTENCIAL","","1","",""
"234","TARAPOTO","CM METROPOLITANO","ENFERMERA","","1","",""
"235","TARAPOTO","CM METROPOLITANO","MEDICO GENERAL","","2","",""
"236","TARAPOTO","CM METROPOLITANO","TECNICO DE ENFERMERIA","","1","",""
"237","TARAPOTO","CM MORALES","ENFERMERA","","1","",""
"238","TARAPOTO","CM MORALES","MEDICO GENERAL","","4","",""
"239","TARAPOTO","CM MORALES","TECNICO DE ENFERMERIA","","1","",""
"240","TARAPOTO","H. I JUANJUI","MEDICO GENERAL","","2","",""
"241","TARAPOTO","H. I JUANJUI","TECNICO DE ENFERMERIA","","1","",""
"242","TARAPOTO","H. II TARAPOTO","DIGITADOR ASISTENCIAL","","1","",""
"243","TARAPOTO","H. II TARAPOTO","ENFERMERA","","5","",""
"244","TARAPOTO","H. II TARAPOTO","MEDICO ESPECIALISTA","ANESTESIOLOGIA","1","",""
"245","TARAPOTO","H. II TARAPOTO","MEDICO GENERAL","","1","",""
"246","TARAPOTO","H. II TARAPOTO","TECNICO DE ENFERMERIA","","8","",""
"247","TARAPOTO","PM BELLAVISTA","MEDICO GENERAL","","1","",""
"248","TARAPOTO","PM LAMAS","MEDICO GENERAL","","1","",""
"249","AMAZONAS","CAP II RODRIGUEZ DE MENDOZA","MEDICO GENERAL","","1","",""
"250","AMAZONAS","CAP II SANTA MARIA DE NIEVA","MEDICO GENERAL","","1","",""
"251","AMAZONAS","HOSPITAL I EL BUEN SAMARITANO","ENFERMERA","","2","",""
"252","AMAZONAS","HOSPITAL I EL BUEN SAMARITANO","MEDICO GENERAL","","2","",""
"253","AMAZONAS","HOSPITAL I EL BUEN SAMARITANO","QUIMICO FARMACEUTICO","","1","",""
"254","AMAZONAS","HOSPITAL I EL BUEN SAMARITANO","TECNICO DE ENFERMERIA","","1","",""
"255","AMAZONAS","HOSPITAL I HEROES DEL CENEPA","ENFERMERA","","1","",""
"256","AMAZONAS","HOSPITAL I HEROES DEL CENEPA","MEDICO GENERAL","","2","",""
"257","AMAZONAS","HOSPITAL I HIGOS URCO","CHOFER DE AMBULANCIA","","1","",""
"258","AMAZONAS","HOSPITAL I HIGOS URCO","ENFERMERA","","1","",""
"259","AMAZONAS","HOSPITAL I HIGOS URCO","MEDICO GENERAL","","2","",""
"260","AMAZONAS","HOSPITAL I HIGOS URCO","TECNICO NO DIPLOMADO","FARMACIA","1","",""
"261","AMAZONAS","HOSPITAL I HIGOS URCO","TECNICO NO DIPLOMADO","LABORATORIO","1","",""
"262","AMAZONAS","HOSPITAL I HIGOS URCO","TECNOLOGO MEDICO","LABORATORIO CLINICO Y ANATOMIA PATOLOGICA","1","",""
"263","AMAZONAS","HOSPITAL I HIGOS URCO","TECNOLOGO MEDICO","RADIOLOGIA","2","",""
"264","TACNA ","CAP III METROPOLITANO","MEDICO GENERAL","","1","",""
"265","HUANUCO","AMBO","ENFERMERA","","1","",""
"266","HUANUCO","AMBO","MEDICO GENERAL","","1","",""
"267","HUANUCO","AMBO","TECNICO DE ENFERMERIA","","1","",""
"268","HUANUCO","BAÑOS","TECNICO DE ENFERMERIA","","1","",""
"269","HUANUCO","CAP III AMARILIS - PILLCOMARCA","MEDICO GENERAL","","2","",""
"270","HUANUCO","CAP III AMARILIS - PILLCOMARCA","TECNICO DE ENFERMERIA","","1","",""
"271","HUANUCO","CAPIII METROPOLITANO","MEDICO GENERAL","","1","",""
"272","HUANUCO","CAPIII METROPOLITANO","TECNICO DE ENFERMERIA","","1","",""
"273","HUANUCO","HOSPITAL I TINGO MARIA","CHOFER DE AMBULANCIA","","1","",""
"274","HUANUCO","HOSPITAL I TINGO MARIA","ENFERMERA","","2","",""
"275","HUANUCO","HOSPITAL I TINGO MARIA","MEDICO GENERAL","","4","",""
"276","HUANUCO","HOSPITAL I TINGO MARIA","TECNICO DE ENFERMERIA","","1","",""
"277","HUANUCO","HOSPITAL II HUANUCO","CHOFER DE AMBULANCIA","","1","",""
"278","HUANUCO","HOSPITAL II HUANUCO","ENFERMERA","","10","",""
"279","HUANUCO","HOSPITAL II HUANUCO","TECNICO DE ENFERMERIA","","8","",""
"280","HUANUCO","LA UNION","ENFERMERA","","1","",""
"281","HUANUCO","LA UNION","MEDICO GENERAL","","1","",""
"282","HUANUCO","LLATA","ENFERMERA","","1","",""
"283","HUANUCO","TOCACHE","MEDICO GENERAL","","1","",""
"284","HUANUCO","UCHIZA","ENFERMERA","","1","",""
"285","HUANUCO","UCHIZA","TECNICO DE ENFERMERIA","","1","",""
"286","LA LIBERTAD","C.M. ASCOPE","MEDICO GENERAL","","1","",""
"287","LA LIBERTAD","C.M.E. CASA GRANDE","MEDICO GENERAL","","1","",""
"288","LA LIBERTAD","CAP I CHICAMA","MEDICO GENERAL","","1","",""
"289","LA LIBERTAD","CAP II OTUZCO","MEDICO GENERAL","","1","",""
"290","LA LIBERTAD","CAP II TAYABAMBA","MEDICO GENERAL","","1","",""
"291","LA LIBERTAD","CM HUANCHACO","MEDICO GENERAL","","1","",""
"292","LA LIBERTAD","HAC VIRGEN DE LA PUERTA","ASISTENTE SOCIAL ","","1","",""
"293","LA LIBERTAD","HAC VIRGEN DE LA PUERTA","CHOFER DE AMBULANCIA","","1","",""
"294","LA LIBERTAD","HAC VIRGEN DE LA PUERTA","DIGITADOR ASISTENCIAL","","6","",""
"295","LA LIBERTAD","HAC VIRGEN DE LA PUERTA","ENFERMERA","","25","",""
"296","LA LIBERTAD","HAC VIRGEN DE LA PUERTA","MEDICO ESPECIALISTA","MEDICINA DE EMERGENCIA Y DESASTRES","1","",""
"297","LA LIBERTAD","HAC VIRGEN DE LA PUERTA","MEDICO ESPECIALISTA","MEDICINA INTENSIVA","6","",""
"298","LA LIBERTAD","HAC VIRGEN DE LA PUERTA","QUIMICO FARMACEUTICO","","2","",""
"299","LA LIBERTAD","HAC VIRGEN DE LA PUERTA","TECNICO DE ENFERMERIA","","6","",""
"300","LA LIBERTAD","HAC VIRGEN DE LA PUERTA","TECNICO NO DIPLOMADO","LABORATORIO","1","",""
"301","LA LIBERTAD","HB V. LAZARTE ECHEGARAY","DIGITADOR ASISTENCIAL","","10","",""
"302","LA LIBERTAD","HB V. LAZARTE ECHEGARAY","ENFERMERA","","14","",""
"303","LA LIBERTAD","HB V. LAZARTE ECHEGARAY","MEDICO ESPECIALISTA","MEDICINA DE ENFERMEDADES INFECCIOSAS Y TROPICALES","1","",""
"304","LA LIBERTAD","HB V. LAZARTE ECHEGARAY","MEDICO ESPECIALISTA","MEDICINA INTERNA","1","",""
"305","LA LIBERTAD","HB V. LAZARTE ECHEGARAY","QUIMICO FARMACEUTICO","","1","",""
"306","LA LIBERTAD","HB V. LAZARTE ECHEGARAY","TECNICO DE ENFERMERIA","","3","",""
"307","LA LIBERTAD","HB V. LAZARTE ECHEGARAY","TECNICO NO DIPLOMADO","FARMACIA","1","",""
"308","LA LIBERTAD","HB V. LAZARTE ECHEGARAY","TECNICO NO DIPLOMADO","LABORATORIO","1","",""
"309","LA LIBERTAD","HB V. LAZARTE ECHEGARAY","TECNOLOGO MEDICO","LABORATORIO CLINICO Y ANATOMIA PATOLOGICA","4","",""
"310","LA LIBERTAD","HI FLORENCIA DE MORA","MEDICO ESPECIALISTA","MEDICINA FAMILIAR Y SALUD COMUNITARIA","1","",""
"311","LA LIBERTAD","HI FLORENCIA DE MORA","QUIMICO FARMACEUTICO","","1","",""
"312","LA LIBERTAD","HI LA ESPERANZA","MEDICO GENERAL","","1","",""
"313","LA LIBERTAD","HI MOCHE","MEDICO GENERAL","","1","",""
"314","LA LIBERTAD","HI VIRU","MEDICO GENERAL","","2","",""
"315","LA LIBERTAD","HII CHOCOPE","MEDICO ESPECIALISTA","MEDICINA INTENSIVA","1","",""
"316","LA LIBERTAD","HII CHOCOPE","MEDICO GENERAL","","1","",""
"317","LA LIBERTAD","HM CHAO","MEDICO GENERAL","","2","",""
"318","LA LIBERTAD","P.M. SAUSAL","MEDICO GENERAL","","1","",""
"319","LA LIBERTAD","POLICL. EL PORVENIR","MEDICO ESPECIALISTA","MEDICINA FAMILIAR Y SALUD COMUNITARIA","1","",""
"320","ALMENARA"," HOSP VITARTE ","ENFERMERA","","3","",""
"321","ALMENARA"," HOSP VITARTE ","MEDICO ESPECIALISTA","ANESTESIOLOGIA","1","",""
"322","ALMENARA"," HOSP VITARTE ","MEDICO ESPECIALISTA","CARDIOLOGIA","1","",""
"323","ALMENARA"," HOSP VITARTE ","MEDICO ESPECIALISTA","CIRUGIA GENERAL","1","",""
"324","ALMENARA"," HOSP VITARTE ","MEDICO ESPECIALISTA","GINECOLOGIA Y OBSTETRICIA","1","",""
"325","ALMENARA"," HOSP VITARTE ","MEDICO ESPECIALISTA","MEDICINA DE EMERGENCIA Y DESASTRES","1","",""
"326","ALMENARA"," HOSP VITARTE ","MEDICO ESPECIALISTA","MEDICINA INTERNA","1","",""
"327","ALMENARA"," HOSP VITARTE ","MEDICO ESPECIALISTA","PEDIATRIA","1","",""
"328","ALMENARA"," HOSP VITARTE ","MEDICO ESPECIALISTA","RADIOLOGIA","1","",""
"329","ALMENARA"," HOSP VITARTE ","MEDICO GENERAL","","4","",""
"330","ALMENARA"," HOSP VITARTE ","NUTRICIONISTA","","1","",""
"331","ALMENARA"," HOSP VITARTE ","TECNICO DE ENFERMERIA","","8","",""
"332","ALMENARA"," HOSP VITARTE ","TECNOLOGO MEDICO","LABORATORIO CLINICO Y ANATOMIA PATOLOGICA","1","",""
"333","ALMENARA"," HOSP VITARTE ","TECNOLOGO MEDICO","RADIOLOGIA","1","",""
"334","ALMENARA"," HOSP VITARTE ","TECNOLOGO MEDICO","TERAPIA FISICA Y REHABILITACION","1","",""
"335","ALMENARA","CAP III EL AGUSTINO","ENFERMERA","","2","",""
"336","ALMENARA","CAP III EL AGUSTINO","MEDICO ESPECIALISTA","MEDICINA DE EMERGENCIA Y DESASTRES","1","",""
"337","ALMENARA","CAP III EL AGUSTINO","MEDICO GENERAL","","8","",""
"338","ALMENARA","CAP III EL AGUSTINO","TECNICO DE ENFERMERIA","","5","",""
"339","ALMENARA","CAP III EL AGUSTINO","TECNOLOGO MEDICO","LABORATORIO CLINICO Y ANATOMIA PATOLOGICA","1","",""
"340","ALMENARA","CAP III EL AGUSTINO","TECNOLOGO MEDICO","TERAPIA FISICA Y REHABILITACION","1","",""
"341","ALMENARA","CAP III HUAYCAN","ENFERMERA","","3","",""
"342","ALMENARA","CAP III HUAYCAN","MEDICO GENERAL","","4","",""
"343","ALMENARA","CAP III HUAYCAN","TECNICO DE ENFERMERIA","","4","",""
"344","ALMENARA","CAP III HUAYCAN","TECNOLOGO MEDICO","LABORATORIO CLINICO Y ANATOMIA PATOLOGICA","1","",""
"345","ALMENARA","CAP III HUAYCAN","TECNOLOGO MEDICO","TERAPIA FISICA Y REHABILITACION","1","",""
"346","ALMENARA","CAP III HUAYCAN","TECNOLOGO MEDICO","RADIOLOGIA","1","",""
"347","ALMENARA","CAP III INDEP","ENFERMERA","","2","",""
"348","ALMENARA","CAP III INDEP","MEDICO GENERAL","","2","",""
"349","ALMENARA","CAP III INDEP","TECNICO DE ENFERMERIA","","1","",""
"350","ALMENARA","CAP III INDEP","TECNOLOGO MEDICO","LABORATORIO CLINICO Y ANATOMIA PATOLOGICA","1","",""
"351","ALMENARA","CAP III PIAZZA","MEDICO ESPECIALISTA","CARDIOLOGIA","1","",""
"352","ALMENARA","CAP III PIAZZA","MEDICO GENERAL","","3","",""
"353","ALMENARA","CAP III PIAZZA","TECNICO DE ENFERMERIA","","1","",""
"354","ALMENARA","CAP III PIAZZA","TECNOLOGO MEDICO","LABORATORIO CLINICO Y ANATOMIA PATOLOGICA","1","",""
"355","ALMENARA","CAP III PIAZZA","TECNOLOGO MEDICO","RADIOLOGIA","1","",""
"356","ALMENARA","CENTRO MEDICO ANCIJE","MEDICO GENERAL","","5","",""
"357","ALMENARA","CM CASAPALCA","MEDICO ESPECIALISTA","MEDICINA DE EMERGENCIA Y DESASTRES","1","",""
"358","ALMENARA","CM CASAPALCA","TECNICO DE ENFERMERIA","","1","",""
"359","ALMENARA","CM CASAPALCA","TECNOLOGO MEDICO","RADIOLOGIA","1","",""
"360","ALMENARA","CM CASAPALCA","TECNOLOGO MEDICO","LABORATORIO CLINICO Y ANATOMIA PATOLOGICA","1","",""
"361","ALMENARA","HNGAI ","BIOLOGO","","2","",""
"362","ALMENARA","HNGAI ","DIGITADOR ASISTENCIAL","","23","",""
"363","ALMENARA","HNGAI ","ENFERMERA","","107","",""
"364","ALMENARA","HNGAI ","MEDICO ESPECIALISTA","ANESTESIOLOGIA","2","",""
"365","ALMENARA","HNGAI ","MEDICO ESPECIALISTA","CARDIOLOGIA","1","",""
"366","ALMENARA","HNGAI ","MEDICO ESPECIALISTA","CIRUGIA GENERAL","1","",""
"367","ALMENARA","HNGAI ","MEDICO ESPECIALISTA","GINECOLOGIA Y OBSTETRICIA","1","",""
"368","ALMENARA","HNGAI ","MEDICO ESPECIALISTA","MEDICINA DE EMERGENCIA Y DESASTRES","2","",""
"369","ALMENARA","HNGAI ","MEDICO ESPECIALISTA","MEDICINA FISICA Y REHABILITACION","1","",""
"370","ALMENARA","HNGAI ","MEDICO ESPECIALISTA","MEDICINA INTENSIVA","1","",""
"371","ALMENARA","HNGAI ","MEDICO ESPECIALISTA","MEDICINA INTERNA","1","",""
"372","ALMENARA","HNGAI ","MEDICO ESPECIALISTA","PEDIATRIA","1","",""
"373","ALMENARA","HNGAI ","MEDICO ESPECIALISTA","RADIOLOGIA","1","",""
"374","ALMENARA","HNGAI ","NUTRICIONISTA","","1","",""
"375","ALMENARA","HNGAI ","TECNICO DE ENFERMERIA","","24","",""
"376","ALMENARA","HNGAI ","TECNICO NO DIPLOMADO","LABORATORIO","1","",""
"377","ALMENARA","HNGAI ","TECNICO NO DIPLOMADO","NUTRICION","23","",""
"378","ALMENARA","HNGAI ","TECNOLOGO MEDICO","LABORATORIO CLINICO Y ANATOMIA PATOLOGICA","10","",""
"379","ALMENARA","HNGAI ","TECNOLOGO MEDICO","RADIOLOGIA","1","",""
"380","ALMENARA","HNGAI ","TECNOLOGO MEDICO","TERAPIA FISICA Y REHABILITACION","2","",""
"381","ALMENARA","HOSP CASTILLA","ENFERMERA","","5","",""
"382","ALMENARA","HOSP CASTILLA","MEDICO ESPECIALISTA","ANESTESIOLOGIA","2","",""
"383","ALMENARA","HOSP CASTILLA","MEDICO ESPECIALISTA","CARDIOLOGIA","1","",""
"384","ALMENARA","HOSP CASTILLA","MEDICO ESPECIALISTA","CIRUGIA GENERAL","1","",""
"385","ALMENARA","HOSP CASTILLA","MEDICO ESPECIALISTA","GINECOLOGIA Y OBSTETRICIA","1","",""
"386","ALMENARA","HOSP CASTILLA","MEDICO ESPECIALISTA","PEDIATRIA","1","",""
"387","ALMENARA","HOSP CASTILLA","MEDICO ESPECIALISTA","RADIOLOGIA","1","",""
"388","ALMENARA","HOSP CASTILLA","MEDICO GENERAL","","11","",""
"389","ALMENARA","HOSP CASTILLA","TECNICO DE ENFERMERIA","","6","",""
"390","ALMENARA","HOSP CASTILLA","TECNICO NO DIPLOMADO","LABORATORIO","1","",""
"391","ALMENARA","HOSP CASTILLA","TECNOLOGO MEDICO","LABORATORIO CLINICO Y ANATOMIA PATOLOGICA","2","",""
"392","ALMENARA","HOSP DIAZ UFANO","ENFERMERA","","4","",""
"393","ALMENARA","HOSP DIAZ UFANO","MEDICO ESPECIALISTA","ANESTESIOLOGIA","1","",""
"394","ALMENARA","HOSP DIAZ UFANO","MEDICO ESPECIALISTA","CARDIOLOGIA","1","",""
"395","ALMENARA","HOSP DIAZ UFANO","MEDICO ESPECIALISTA","CIRUGIA GENERAL","1","",""
"396","ALMENARA","HOSP DIAZ UFANO","MEDICO ESPECIALISTA","GINECOLOGIA Y OBSTETRICIA","1","",""
"397","ALMENARA","HOSP DIAZ UFANO","MEDICO ESPECIALISTA","MEDICINA DE EMERGENCIA Y DESASTRES","1","",""
"398","ALMENARA","HOSP DIAZ UFANO","MEDICO ESPECIALISTA","MEDICINA FISICA Y REHABILITACION","1","",""
"399","ALMENARA","HOSP DIAZ UFANO","MEDICO ESPECIALISTA","MEDICINA INTERNA","1","",""
"400","ALMENARA","HOSP DIAZ UFANO","MEDICO ESPECIALISTA","PEDIATRIA","1","",""
"401","ALMENARA","HOSP DIAZ UFANO","MEDICO ESPECIALISTA","RADIOLOGIA","1","",""
"402","ALMENARA","HOSP DIAZ UFANO","MEDICO GENERAL","","10","",""
"403","ALMENARA","HOSP DIAZ UFANO","TECNICO DE ENFERMERIA","","17","",""
"404","ALMENARA","HOSP DIAZ UFANO","TECNICO NO DIPLOMADO","LABORATORIO","1","",""
"405","ALMENARA","HOSP DIAZ UFANO","TECNOLOGO MEDICO","LABORATORIO CLINICO Y ANATOMIA PATOLOGICA","1","",""
"406","ALMENARA","HOSP DIAZ UFANO","TECNOLOGO MEDICO","TERAPIA FISICA Y REHABILITACION","4","",""
"407","ALMENARA","HOSP DIAZ UFANO","TECNOLOGO MEDICO","RADIOLOGIA","2","",""
"408","ALMENARA","HOSP GRAU ","ENFERMERA","","12","",""
"409","ALMENARA","HOSP GRAU ","MEDICO ESPECIALISTA","ANESTESIOLOGIA","1","",""
"410","ALMENARA","HOSP GRAU ","MEDICO ESPECIALISTA","CARDIOLOGIA","1","",""
"411","ALMENARA","HOSP GRAU ","MEDICO ESPECIALISTA","CIRUGIA GENERAL","1","",""
"412","ALMENARA","HOSP GRAU ","MEDICO ESPECIALISTA","MEDICINA DE EMERGENCIA Y DESASTRES","1","",""
"413","ALMENARA","HOSP GRAU ","MEDICO ESPECIALISTA","MEDICINA INTENSIVA","1","",""
"414","ALMENARA","HOSP GRAU ","MEDICO ESPECIALISTA","MEDICINA INTERNA","1","",""
"415","ALMENARA","HOSP GRAU ","MEDICO ESPECIALISTA","PEDIATRIA","1","",""
"416","ALMENARA","HOSP GRAU ","MEDICO ESPECIALISTA","RADIOLOGIA","1","",""
"417","ALMENARA","HOSP GRAU ","MEDICO GENERAL","","1","",""
"418","ALMENARA","HOSP GRAU ","TECNICO DE ENFERMERIA","","17","",""
"419","ALMENARA","HOSP GRAU ","TECNICO NO DIPLOMADO","LABORATORIO","1","",""
"420","ALMENARA","HOSP GRAU ","TECNOLOGO MEDICO","LABORATORIO CLINICO Y ANATOMIA PATOLOGICA","5","",""
"421","ALMENARA","HOSP GRAU ","TECNOLOGO MEDICO","RADIOLOGIA","2","",""
"422","ALMENARA","HOSP GRAU ","TECNOLOGO MEDICO","TERAPIA FISICA Y REHABILITACION","2","",""
"423","ALMENARA","HOSP SAN ISIDRO LAB","ENFERMERA","","4","",""
"424","ALMENARA","HOSP SAN ISIDRO LAB","MEDICO ESPECIALISTA","MEDICINA DE EMERGENCIA Y DESASTRES","1","",""
"425","ALMENARA","HOSP SAN ISIDRO LAB","MEDICO ESPECIALISTA","MEDICINA INTENSIVA","1","",""
"426","ALMENARA","HOSP SAN ISIDRO LAB","MEDICO ESPECIALISTA","MEDICINA INTERNA","1","",""
"427","ALMENARA","HOSP SAN ISIDRO LAB","MEDICO ESPECIALISTA","RADIOLOGIA","1","",""
"428","ALMENARA","HOSP SAN ISIDRO LAB","MEDICO GENERAL","","5","",""
"429","ALMENARA","HOSP SAN ISIDRO LAB","TECNICO DE ENFERMERIA","","7","",""
"430","ALMENARA","HOSP SAN ISIDRO LAB","TECNOLOGO MEDICO","LABORATORIO CLINICO Y ANATOMIA PATOLOGICA","1","",""
"431","ALMENARA","HOSP SAN ISIDRO LAB","TECNOLOGO MEDICO","RADIOLOGIA","1","",""
"432","ALMENARA","HOSP VOTO BERNALES","ENFERMERA","","6","",""
"433","ALMENARA","HOSP VOTO BERNALES","MEDICO ESPECIALISTA","ANESTESIOLOGIA","1","",""
"434","ALMENARA","HOSP VOTO BERNALES","MEDICO ESPECIALISTA","CARDIOLOGIA","1","",""
"435","ALMENARA","HOSP VOTO BERNALES","MEDICO ESPECIALISTA","CIRUGIA GENERAL","1","",""
"436","ALMENARA","HOSP VOTO BERNALES","MEDICO ESPECIALISTA","GINECOLOGIA Y OBSTETRICIA","1","",""
"437","ALMENARA","HOSP VOTO BERNALES","MEDICO ESPECIALISTA","MEDICINA DE EMERGENCIA Y DESASTRES","1","",""
"438","ALMENARA","HOSP VOTO BERNALES","MEDICO ESPECIALISTA","MEDICINA INTENSIVA","1","",""
"439","ALMENARA","HOSP VOTO BERNALES","MEDICO ESPECIALISTA","MEDICINA INTERNA","1","",""
"440","ALMENARA","HOSP VOTO BERNALES","MEDICO ESPECIALISTA","PEDIATRIA","1","",""
"441","ALMENARA","HOSP VOTO BERNALES","MEDICO ESPECIALISTA","RADIOLOGIA","1","",""
"442","ALMENARA","HOSP VOTO BERNALES","MEDICO GENERAL","","6","",""
"443","ALMENARA","HOSP VOTO BERNALES","TECNICO DE ENFERMERIA","","8","",""
"444","ALMENARA","HOSP VOTO BERNALES","TECNICO NO DIPLOMADO","LABORATORIO","1","",""
"445","ALMENARA","HOSP VOTO BERNALES","TECNOLOGO MEDICO","LABORATORIO CLINICO Y ANATOMIA PATOLOGICA","1","",""
"446","ALMENARA","HOSP VOTO BERNALES","TECNOLOGO MEDICO","TERAPIA FISICA Y REHABILITACION","1","",""
"447","ALMENARA","HOSP VOTO BERNALES","TECNOLOGO MEDICO","RADIOLOGIA","1","",""
"448","ALMENARA","POL CHOSICA","ENFERMERA","","5","",""
"449","ALMENARA","POL CHOSICA","MEDICO ESPECIALISTA","GINECOLOGIA Y OBSTETRICIA","1","",""
"450","ALMENARA","POL CHOSICA","MEDICO GENERAL","","13","",""
"451","ALMENARA","POL CHOSICA","TECNICO DE ENFERMERIA","","10","",""
"452","ALMENARA","POL CHOSICA","TECNOLOGO MEDICO","LABORATORIO CLINICO Y ANATOMIA PATOLOGICA","1","",""
"453","ALMENARA","POL CHOSICA","TECNOLOGO MEDICO","TERAPIA FISICA Y REHABILITACION","1","",""
"454","ALMENARA","POL CHOSICA","TECNOLOGO MEDICO","RADIOLOGIA","1","",""
"455","ALMENARA","POL PIZARRO","ENFERMERA","","1","",""
"456","ALMENARA","POL PIZARRO","MEDICO ESPECIALISTA","CARDIOLOGIA","1","",""
"457","ALMENARA","POL PIZARRO","MEDICO ESPECIALISTA","MEDICINA DE EMERGENCIA Y DESASTRES","1","",""
"458","ALMENARA","POL PIZARRO","MEDICO ESPECIALISTA","MEDICINA INTERNA","1","",""
"459","ALMENARA","POL PIZARRO","MEDICO ESPECIALISTA","PEDIATRIA","1","",""
"460","ALMENARA","POL PIZARRO","MEDICO ESPECIALISTA","RADIOLOGIA","1","",""
"461","ALMENARA","POL PIZARRO","MEDICO GENERAL","","3","",""
"462","ALMENARA","POL PIZARRO","TECNICO DE ENFERMERIA","","3","",""
"463","ALMENARA","POL PIZARRO","TECNOLOGO MEDICO","LABORATORIO CLINICO Y ANATOMIA PATOLOGICA","1","",""
"464","ALMENARA","POL SAN LUIS","ENFERMERA","","1","",""
"465","ALMENARA","POL SAN LUIS","MEDICO ESPECIALISTA","CIRUGIA GENERAL","1","",""
"466","ALMENARA","POL SAN LUIS","MEDICO ESPECIALISTA","GINECOLOGIA Y OBSTETRICIA","1","",""
"467","ALMENARA","POL SAN LUIS","MEDICO ESPECIALISTA","MEDICINA INTERNA","1","",""
"468","ALMENARA","POL SAN LUIS","MEDICO ESPECIALISTA","PEDIATRIA","1","",""
"469","ALMENARA","POL SAN LUIS","MEDICO GENERAL","","4","",""
"470","ALMENARA","POL SAN LUIS","TECNICO DE ENFERMERIA","","5","",""
"471","ALMENARA","POL SAN LUIS","TECNOLOGO MEDICO","LABORATORIO CLINICO Y ANATOMIA PATOLOGICA","1","",""
"472","ALMENARA","POL SAN LUIS","TECNOLOGO MEDICO","RADIOLOGIA","1","",""
"473","ALMENARA","POL SAN LUIS","TECNOLOGO MEDICO","TERAPIA FISICA Y REHABILITACION","1","",""
"474","ALMENARA","PM CONSTRUCCION CIVIL","MEDICO GENERAL","","3","",""
"475","CAJAMARCA","CENTRO MEDICO CAJABAMBA","MEDICO GENERAL","","1","",""
"476","CAJAMARCA","HOSPITAL II CAJAMARCA","MEDICO GENERAL","","1","",""
"477","CAJAMARCA","HOSPITAL II CAJAMARCA","TECNICO DE ENFERMERIA","","1","",""
"478","CAJAMARCA","P.M. BAMBAMARCA","MEDICO GENERAL","","1","",""
"479","CUSCO","CENTRO MEDICO 
METROPOLITANO","MEDICO GENERAL","","1","",""
"480","CUSCO","CENTRO MEDICO PICHARI","MEDICO GENERAL","","1","",""
"481","CUSCO","CENTRO MEDICO URCOS","MEDICO GENERAL","","1","",""
"482","CUSCO","HOSPITAL GENERAL SICUANI","CHOFER DE AMBULANCIA","","1","",""
"483","CUSCO","HOSPITAL GENERAL SICUANI","DIGITADOR ASISTENCIAL","","1","",""
"484","CUSCO","HOSPITAL GENERAL SICUANI","MEDICO GENERAL","","1","",""
"485","CUSCO","HOSPITAL GENERAL SICUANI","TECNICO DE ENFERMERIA","","1","",""
"486","CUSCO","HOSPITAL I ESPINAR","MEDICO GENERAL","","1","",""
"487","CUSCO","HOSPITAL I ESPINAR","TECNICO DE ENFERMERIA","","1","",""
"488","CUSCO","HOSPITAL I QUILLABAMBA","DIGITADOR ASISTENCIAL","","1","",""
"489","CUSCO","HOSPITAL I QUILLABAMBA","ENFERMERA","","1","",""
"490","CUSCO","HOSPITAL I QUILLABAMBA","MEDICO GENERAL","","1","",""
"491","CUSCO","HOSPITAL I QUILLABAMBA","TECNOLOGO MEDICO","RADIOLOGIA","1","",""
"492","CUSCO","HOSPITAL I URUBAMBA","MEDICO GENERAL","","1","",""
"493","CUSCO","HOSPITAL NACIONAL ADOLFO GUEVARA VELASCO","CHOFER DE AMBULANCIA","","2","",""
"494","CUSCO","HOSPITAL NACIONAL ADOLFO GUEVARA VELASCO","QUIMICO FARMACEUTICO","","1","",""
"495","CUSCO","HOSPITAL NACIONAL ADOLFO GUEVARA VELASCO","TECNICO DE ENFERMERIA","","1","",""
"496","CUSCO","HOSPITAL NACIONAL ADOLFO GUEVARA VELASCO","DIGITADOR ASISTENCIAL","","1","",""
"497","CUSCO","HOSPITAL NACIONAL ADOLFO GUEVARA VELASCO","ENFERMERA","","4","",""
"498","CUSCO","HOSPITAL NACIONAL ADOLFO GUEVARA VELASCO","MEDICO ESPECIALISTA","ANESTESIOLOGIA","1","",""
"499","CUSCO","HOSPITAL NACIONAL ADOLFO GUEVARA VELASCO","TECNICO NO DIPLOMADO","LABORATORIO","1","",""
"500","CUSCO","HOSPITAL NACIONAL ADOLFO GUEVARA VELASCO","TECNOLOGO MEDICO","RADIOLOGIA","1","",""
"501","CUSCO","HOSPITAL NACIONAL ADOLFO GUEVARA VELASCO","TECNOLOGO MEDICO","TERAPIA FISICA Y REHABILITACION","1","",""
"502","CUSCO","POLICLINICO SAN SEBASTIAN","MEDICO GENERAL","","1","",""
"503","ICA","CAP I SAN CLEMENTE","MEDICO GENERAL","","1","",""
"504","ICA","CAP II MACACONA","MEDICO GENERAL","","1","",""
"505","ICA","CAP II NASCA","ENFERMERA","","1","",""
"506","ICA","CAP II NASCA","MEDICO GENERAL","","2","",""
"507","ICA","CAP II NASCA","TECNICO DE ENFERMERIA","","2","",""
"508","ICA","CAP II PUEBLO NUEVO","MEDICO GENERAL","","1","",""
"509","ICA","CAP II PUQUIO","MEDICO GENERAL","","1","",""
"510","ICA","CAP II SANTA MARGARITA","MEDICO GENERAL","","1","",""
"511","ICA","HI - ANTONIO SKRABONJA ANTONCICH","ENFERMERA","","3","",""
"512","ICA","HI - ANTONIO SKRABONJA ANTONCICH","MEDICO ESPECIALISTA","ANESTESIOLOGIA","1","",""
"513","ICA","HI - ANTONIO SKRABONJA ANTONCICH","MEDICO GENERAL","","3","",""
"514","ICA","HI - ANTONIO SKRABONJA ANTONCICH","TECNICO DE ENFERMERIA","","2","",""
"515","ICA","HI - ANTONIO SKRABONJA ANTONCICH","TECNICO NO DIPLOMADO","RADIOLOGIA","1","",""
"516","ICA","HI - FELIX TORREALVA GUTIERREZ","ENFERMERA","","3","",""
"517","ICA","HI - FELIX TORREALVA GUTIERREZ","MEDICO ESPECIALISTA","ANESTESIOLOGIA","1","",""
"518","ICA","HI - FELIX TORREALVA GUTIERREZ","MEDICO GENERAL","","3","",""
"519","ICA","HI - FELIX TORREALVA GUTIERREZ","TECNICO DE ENFERMERIA","","2","",""
"520","ICA","HI - FELIX TORREALVA GUTIERREZ","TECNICO NO DIPLOMADO","LABORATORIO","1","",""
"521","ICA","HI - FELIX TORREALVA GUTIERREZ","TECNOLOGO MEDICO","LABORATORIO CLINICO Y ANATOMIA PATOLOGICA","1","",""
"522","ICA","HI - MARIA REICHE NEUMAN","ENFERMERA","","1","",""
"523","ICA","HI - MARIA REICHE NEUMAN","MEDICO GENERAL","","2","",""
"524","ICA","HI - MARIA REICHE NEUMAN","TECNICO DE ENFERMERIA","","2","",""
"525","ICA","HII - RENE TOCHE GROPPO","ENFERMERA","","3","",""
"526","ICA","HII - RENE TOCHE GROPPO","MEDICO ESPECIALISTA","ANESTESIOLOGIA","1","",""
"527","ICA","HII - RENE TOCHE GROPPO","MEDICO GENERAL","","3","",""
"528","ICA","HII - RENE TOCHE GROPPO","TECNICO DE ENFERMERIA","","2","",""
"529","ICA","HII - RENE TOCHE GROPPO","TECNICO NO DIPLOMADO","RADIOLOGIA","1","",""
"530","ICA","HII - RENE TOCHE GROPPO","TECNOLOGO MEDICO","LABORATORIO CLINICO Y ANATOMIA PATOLOGICA","1","",""
"531","ICA","HIV - AUGUSTO HERNANDEZ MENDOZA","ENFERMERA","","3","",""
"532","ICA","HIV - AUGUSTO HERNANDEZ MENDOZA","MEDICO ESPECIALISTA","ANESTESIOLOGIA","1","",""
"533","ICA","HIV - AUGUSTO HERNANDEZ MENDOZA","TECNICO DE ENFERMERIA","","2","",""
"534","ICA","HIV - AUGUSTO HERNANDEZ MENDOZA","TECNICO NO DIPLOMADO","RADIOLOGIA","1","",""
"535","ICA","HIV - AUGUSTO HERNANDEZ MENDOZA","TECNOLOGO MEDICO","LABORATORIO CLINICO Y ANATOMIA PATOLOGICA","1","",""
"536","JUNIN","CAP I PICHANAKI","MEDICO GENERAL","","1","",""
"537","JUNIN","CAP II CHILCA","MEDICO GENERAL","","1","",""
"538","JUNIN","CAP II CHILCA","ENFERMERA","","1","",""
"539","JUNIN","CAP II CHUPACA","MEDICO GENERAL","","1","",""
"540","JUNIN","CAP II CHUPACA","ENFERMERA","","5","",""
"541","JUNIN","CAP II JUNIN","ENFERMERA","","1","",""
"542","JUNIN","CAP III  MANTARO","ENFERMERA","","2","",""
"543","JUNIN","CAP III  MANTARO","MEDICO GENERAL","","1","",""
"544","JUNIN","CAP III  MANTARO","TECNICO DE ENFERMERIA","","1","",""
"545","JUNIN","CENTRO MEDICO CONCEPCION ","ENFERMERA","","1","",""
"546","JUNIN","CENTRO MEDICO CONCEPCION ","MEDICO GENERAL","","1","",""
"547","JUNIN","HM JAUJA","CHOFER DE AMBULANCIA","","2","",""
"548","JUNIN","HM JAUJA","MEDICO GENERAL","","3","",""
"549","JUNIN","HM JAUJA","ENFERMERA","","10","",""
"550","JUNIN","HM JAUJA","PSICOLOGO","","1","",""
"551","JUNIN","HM JAUJA","TECNICO DE ENFERMERIA","","4","",""
"552","JUNIN","HNRPP","CHOFER DE AMBULANCIA","","1","",""
"553","JUNIN","HNRPP","DIGITADOR ASISTENCIAL","","1","",""
"554","JUNIN","HNRPP","ENFERMERA","","25","",""
"555","JUNIN","HNRPP","MEDICO ESPECIALISTA","MEDICINA DE EMERGENCIA Y DESASTRES","1","",""
"556","JUNIN","HNRPP","MEDICO ESPECIALISTA","MEDICINA ONCOLOGICA","1","",""
"557","JUNIN","HNRPP","TECNICO DE ENFERMERIA","","17","",""
"558","JUNIN","HNRPP","TECNICO NO DIPLOMADO","FARMACIA","1","",""
"559","JUNIN","HNRPP","TECNICO NO DIPLOMADO","LABORATORIO","2","",""
"560","JUNIN","HNRPP","TECNOLOGO MEDICO","LABORATORIO CLINICO Y ANATOMIA PATOLOGICA","2","",""
"561","JUNIN","HNRPP","TECNOLOGO MEDICO","RADIOLOGIA","1","",""
"562","JUNIN","HOSPITAL I RIO NEGRO","CHOFER DE AMBULANCIA","","2","",""
"563","JUNIN","HOSPITAL I RIO NEGRO","MEDICO GENERAL","","2","",""
"564","JUNIN","HOSPITAL I RIO NEGRO","ENFERMERA","","4","",""
"565","JUNIN","HOSPITAL I TARMA","CHOFER DE AMBULANCIA","","1","",""
"566","JUNIN","HOSPITAL I TARMA","MEDICO GENERAL","","2","",""
"567","JUNIN","HOSPITAL I TARMA","ENFERMERA","","1","",""
"568","JUNIN","HOSPITAL II-1 ALBERTO HURTADO ABADIA","CHOFER DE AMBULANCIA","","1","",""
"569","JUNIN","HOSPITAL II-1 ALBERTO HURTADO ABADIA","MEDICO GENERAL","","1","",""
"570","JUNIN","HOSPITAL II-1 ALBERTO HURTADO ABADIA","ENFERMERA","","6","",""
"571","JUNIN","HOSPITAL II-1 ALBERTO HURTADO ABADIA","TECNICO DE ENFERMERIA","","1","",""
"572","JUNIN","HOSPITAL SELVA CENTRAL - LA MERCED","CHOFER DE AMBULANCIA","","1","",""
"573","JUNIN","HOSPITAL SELVA CENTRAL - LA MERCED","ENFERMERA","","2","",""
"574","JUNIN","HOSPITAL SELVA CENTRAL - LA MERCED","MEDICO GENERAL","","2","",""
"575","JUNIN","HOSPITAL SELVA CENTRAL - LA MERCED","TECNICO DE ENFERMERIA","","1","",""
"576","JUNIN","POLICLINICO METROPOLITANO HUANCAYO","ENFERMERA","","3","",""
"577","JUNIN","POLICLINICO METROPOLITANO HUANCAYO","MEDICO GENERAL","","2","",""
"578","JUNIN","POLICLINICO METROPOLITANO HUANCAYO","TECNICO DE ENFERMERIA","","1","",""
"579","MOQUEGUA","C.A.P. II TORATA","ENFERMERA","","1","",""
"580","MOQUEGUA","C.M. PAMPA INALAMBRICA","ENFERMERA","","2","",""
"581","MOQUEGUA","C.M. PAMPA INALAMBRICA","MEDICO GENERAL","","3","",""
"582","MOQUEGUA","C.M. PAMPA INALAMBRICA","PSICOLOGO","","1","",""
"583","MOQUEGUA","C.M. PAMPA INALAMBRICA","TECNICO DE ENFERMERIA","","1","",""
"584","MOQUEGUA","C.M. SAMEGUA","MEDICO GENERAL","","1","",""
"585","MOQUEGUA","H. II ILO","ENFERMERA","","9","",""
"586","MOQUEGUA","H. II ILO","MEDICO ESPECIALISTA","ANESTESIOLOGIA","1","",""
"587","MOQUEGUA","H. II ILO","MEDICO GENERAL","","5","",""
"588","MOQUEGUA","H. II ILO","TECNICO DE ENFERMERIA","","10","",""
"589","MOQUEGUA","H. II ILO","TECNICO NO DIPLOMADO","FARMACIA","1","",""
"590","MOQUEGUA","H. II ILO","TECNOLOGO MEDICO","LABORATORIO CLINICO Y ANATOMIA PATOLOGICA","2","",""
"591","MOQUEGUA","H. II ILO","TECNOLOGO MEDICO","RADIOLOGIA","2","",""
"592","MOQUEGUA","H. II MOQUEGUA","ASISTENTE SOCIAL ","","1","",""
"593","MOQUEGUA","H. II MOQUEGUA","CHOFER DE AMBULANCIA","","1","",""
"594","MOQUEGUA","H. II MOQUEGUA","DIGITADOR ASISTENCIAL","","1","",""
"595","MOQUEGUA","H. II MOQUEGUA","ENFERMERA","","8","",""
"596","MOQUEGUA","H. II MOQUEGUA","MEDICO ESPECIALISTA","NEUMOLOGIA","1","",""
"597","MOQUEGUA","H. II MOQUEGUA","MEDICO GENERAL","","10","",""
"598","MOQUEGUA","H. II MOQUEGUA","TECNICO DE ENFERMERIA","","10","",""
"599","MOQUEGUA","H. II MOQUEGUA","TECNICO NO DIPLOMADO","FARMACIA","1","",""
"600","MOQUEGUA","H. II MOQUEGUA","TECNOLOGO MEDICO","LABORATORIO CLINICO Y ANATOMIA PATOLOGICA","2","",""
"601","MOQUEGUA","H. II MOQUEGUA","TECNOLOGO MEDICO","RADIOLOGIA","2","",""
"602","MOQUEGUA","P.M. OMATE","ENFERMERA","","1","",""
"603","MOYOBAMBA","CENTRO MEDICO RIOJA","MEDICO GENERAL","","1","",""
"604","AYACUCHO","HOPS. II HUAMANGA","DIGITADOR ASISTENCIAL","","1","",""
"605","AYACUCHO","HOPS. II HUAMANGA","ENFERMERA","","1","",""
"606","HUANCAVELICA","CENTRO MEDICO LIRCAY","MEDICO GENERAL","","1","",""
"607","HUANCAVELICA","HOSPITAL II HUANCAVELICA","DIGITADOR ASISTENCIAL","","2","",""
"608","HUANCAVELICA","HOSPITAL II HUANCAVELICA","ENFERMERA","","2","",""
"609","HUANCAVELICA","HOSPITAL II HUANCAVELICA","TECNICO DE ENFERMERIA","","1","",""
"610","HUARAZ","CENTRO MEDICO CARAZ","ENFERMERA","","1","",""
"611","HUARAZ","CENTRO MEDICO CARAZ","MEDICO GENERAL","","2","",""
"612","HUARAZ","CENTRO MEDICO HUARI","MEDICO GENERAL","","2","",""
"613","HUARAZ","HOSPITAL II HUARAZ","ENFERMERA","","5","",""
"614","HUARAZ","HOSPITAL II HUARAZ","MEDICO ESPECIALISTA","MEDICINA INTERNA","1","",""
"615","HUARAZ","HOSPITAL II HUARAZ","MEDICO GENERAL","","5","",""
"616","SABOGAL","CAP CHANCAY","ENFERMERA","","2","",""
"617","SABOGAL","CAP CHANCAY","MEDICO GENERAL","","1","",""
"618","SABOGAL","CAP CHANCAY","TECNICO DE ENFERMERIA","","4","",""
"619","SABOGAL","CAP II PARAMONGA","ENFERMERA","","1","",""
"620","SABOGAL","CAP II PARAMONGA","MEDICO GENERAL","","4","",""
"621","SABOGAL","CAP II SAYAN","ENFERMERA","","5","",""
"622","SABOGAL","CAP II SAYAN","MEDICO GENERAL","","3","",""
"623","SABOGAL","CAP II SAYAN","TECNICO DE ENFERMERIA","","1","",""
"624","SABOGAL","CAP III HERMANA MARIA DONROSE STUMÖLLER","DIGITADOR ASISTENCIAL","","1","",""
"625","SABOGAL","CAP III HERMANA MARIA DONROSE STUMÖLLER","ENFERMERA","","1","",""
"626","SABOGAL","CAP III HERMANA MARIA DONROSE STUMÖLLER","MEDICO GENERAL","","4","",""
"627","SABOGAL","CAP III HERMANA MARIA DONROSE STUMÖLLER","TECNICO DE ENFERMERIA","","2","",""
"628","SABOGAL","CAP III HUARAL","CHOFER DE AMBULANCIA","","1","",""
"629","SABOGAL","CAP III HUARAL","DIGITADOR ASISTENCIAL","","1","",""
"630","SABOGAL","CAP III HUARAL","ENFERMERA","","1","",""
"631","SABOGAL","CAP III HUARAL","TECNICO DE ENFERMERIA","","2","",""
"632","SABOGAL","CAP III HUARAL","TECNOLOGO MEDICO","RADIOLOGIA","1","",""
"633","SABOGAL","CAP III LUIS NEGREIROS VEGA","DIGITADOR ASISTENCIAL","","1","",""
"634","SABOGAL","CAP III LUIS NEGREIROS VEGA","TECNICO DE ENFERMERIA","","5","",""
"635","SABOGAL","CAP III LUIS NEGREIROS VEGA","TECNICO NO DIPLOMADO","TERAPIA FISICA Y REHABILITACION","1","",""
"636","SABOGAL","CAP III PEDRO REYES BARBOZA","CHOFER DE AMBULANCIA","","1","",""
"637","SABOGAL","CAP III PEDRO REYES BARBOZA","ENFERMERA","","4","",""
"638","SABOGAL","CAP III PEDRO REYES BARBOZA","MEDICO GENERAL","","5","",""
"639","SABOGAL","CAP III PEDRO REYES BARBOZA","TECNICO DE ENFERMERIA","","5","",""
"640","SABOGAL","CAP III PUENTE PIEDRA","DIGITADOR ASISTENCIAL","","1","",""
"641","SABOGAL","CAP III PUENTE PIEDRA","MEDICO ESPECIALISTA","MEDICINA FAMILIAR Y SALUD COMUNITARIA","1","",""
"642","SABOGAL","CAP III PUENTE PIEDRA","TECNICO DE ENFERMERIA","","5","",""
"643","SABOGAL","CAP OYON","ENFERMERA","","2","",""
"644","SABOGAL","CAP OYON","MEDICO GENERAL","","2","",""
"645","SABOGAL","CARABAYLLO","ENFERMERA","","4","",""
"646","SABOGAL","CARABAYLLO","MEDICO GENERAL","","4","",""
"647","SABOGAL","CARABAYLLO","PSICOLOGO","","1","",""
"648","SABOGAL","CARABAYLLO","TECNICO DE ENFERMERIA","","3","",""
"649","SABOGAL","GUSTAVO LANATTA LUJAN","DIGITADOR ASISTENCIAL","","3","",""
"650","SABOGAL","GUSTAVO LANATTA LUJAN","ENFERMERA","","23","",""
"651","SABOGAL","GUSTAVO LANATTA LUJAN","MEDICO ESPECIALISTA","ANESTESIOLOGIA","2","",""
"652","SABOGAL","GUSTAVO LANATTA LUJAN","MEDICO ESPECIALISTA","CIRUGIA GENERAL","1","",""
"653","SABOGAL","GUSTAVO LANATTA LUJAN","MEDICO ESPECIALISTA","GINECOLOGIA Y OBSTETRICIA","1","",""
"654","SABOGAL","GUSTAVO LANATTA LUJAN","MEDICO ESPECIALISTA","INFECTOLOGIA","1","",""
"655","SABOGAL","GUSTAVO LANATTA LUJAN","MEDICO ESPECIALISTA","MEDICINA INTENSIVA","1","",""
"656","SABOGAL","GUSTAVO LANATTA LUJAN","MEDICO ESPECIALISTA","MEDICINA INTERNA","2","",""
"657","SABOGAL","GUSTAVO LANATTA LUJAN","MEDICO ESPECIALISTA","PEDIATRIA","5","",""
"658","SABOGAL","GUSTAVO LANATTA LUJAN","MEDICO GENERAL","","11","",""
"659","SABOGAL","GUSTAVO LANATTA LUJAN","NUTRICIONISTA","","1","",""
"660","SABOGAL","GUSTAVO LANATTA LUJAN","PSICOLOGO","","1","",""
"661","SABOGAL","GUSTAVO LANATTA LUJAN","QUIMICO FARMACEUTICO","","1","",""
"662","SABOGAL","GUSTAVO LANATTA LUJAN","TECNICO DE ENFERMERIA","","12","",""
"663","SABOGAL","GUSTAVO LANATTA LUJAN","TECNICO NO DIPLOMADO","LABORATORIO","2","",""
"664","SABOGAL","GUSTAVO LANATTA LUJAN","TECNOLOGO MEDICO","LABORATORIO CLINICO Y ANATOMIA PATOLOGICA","1","",""
"665","SABOGAL","GUSTAVO LANATTA LUJAN","TECNOLOGO MEDICO","RADIOLOGIA","3","",""
"666","SABOGAL","GUSTAVO LANATTA LUJAN","TECNOLOGO MEDICO","TERAPIA FISICA Y REHABILITACION","1","",""
"667","SABOGAL","HOSPITAL LIMA NORTE CALLAO","DIGITADOR ASISTENCIAL","","1","",""
"668","SABOGAL","HOSPITAL LIMA NORTE CALLAO","ENFERMERA","","13","",""
"669","SABOGAL","HOSPITAL LIMA NORTE CALLAO","MEDICO ESPECIALISTA","ANESTESIOLOGIA","4","",""
"670","SABOGAL","HOSPITAL LIMA NORTE CALLAO","MEDICO ESPECIALISTA","CIRUGIA PEDIATRICA","1","",""
"671","SABOGAL","HOSPITAL LIMA NORTE CALLAO","MEDICO ESPECIALISTA","GINECOLOGIA Y OBSTETRICIA","2","",""
"672","SABOGAL","HOSPITAL LIMA NORTE CALLAO","MEDICO ESPECIALISTA","MEDICINA DE EMERGENCIA Y DESASTRES","1","",""
"673","SABOGAL","HOSPITAL LIMA NORTE CALLAO","MEDICO ESPECIALISTA","MEDICINA INTENSIVA","1","",""
"674","SABOGAL","HOSPITAL LIMA NORTE CALLAO","MEDICO ESPECIALISTA","MEDICINA INTERNA","1","",""
"675","SABOGAL","HOSPITAL LIMA NORTE CALLAO","MEDICO ESPECIALISTA","NEUMOLOGIA","1","",""
"676","SABOGAL","HOSPITAL LIMA NORTE CALLAO","MEDICO ESPECIALISTA","OTORRINOLARINGOLOGIA","1","",""
"677","SABOGAL","HOSPITAL LIMA NORTE CALLAO","MEDICO ESPECIALISTA","PEDIATRIA","2","",""
"678","SABOGAL","HOSPITAL LIMA NORTE CALLAO","MEDICO ESPECIALISTA","RADIOLOGIA","2","",""
"679","SABOGAL","HOSPITAL LIMA NORTE CALLAO","MEDICO GENERAL","","10","",""
"680","SABOGAL","HOSPITAL LIMA NORTE CALLAO","NUTRICIONISTA","","2","",""
"681","SABOGAL","HOSPITAL LIMA NORTE CALLAO","QUIMICO FARMACEUTICO","","1","",""
"682","SABOGAL","HOSPITAL LIMA NORTE CALLAO","TECNICO DE ENFERMERIA","","30","",""
"683","SABOGAL","HOSPITAL LIMA NORTE CALLAO","TECNICO NO DIPLOMADO","FARMACIA","2","",""
"684","SABOGAL","HOSPITAL LIMA NORTE CALLAO","TECNICO NO DIPLOMADO","LABORATORIO","2","",""
"685","SABOGAL","HOSPITAL LIMA NORTE CALLAO","TECNOLOGO MEDICO","RADIOLOGIA","1","",""
"686","SABOGAL","HOSPITAL MARINO MOLINA ","DIGITADOR ASISTENCIAL","","4","",""
"687","SABOGAL","HOSPITAL MARINO MOLINA ","ENFERMERA","","26","",""
"688","SABOGAL","HOSPITAL MARINO MOLINA ","MEDICO ESPECIALISTA","ANESTESIOLOGIA","1","",""
"689","SABOGAL","HOSPITAL MARINO MOLINA ","MEDICO ESPECIALISTA","MEDICINA INTERNA","1","",""
"690","SABOGAL","HOSPITAL MARINO MOLINA ","MEDICO ESPECIALISTA","PEDIATRIA","4","",""
"691","SABOGAL","HOSPITAL MARINO MOLINA ","MEDICO ESPECIALISTA","RADIOLOGIA","1","",""
"692","SABOGAL","HOSPITAL MARINO MOLINA ","NUTRICIONISTA","","1","",""
"693","SABOGAL","HOSPITAL MARINO MOLINA ","PSICOLOGO","","1","",""
"694","SABOGAL","HOSPITAL MARINO MOLINA ","QUIMICO FARMACEUTICO","","1","",""
"695","SABOGAL","HOSPITAL MARINO MOLINA ","TECNICO DE ENFERMERIA","","8","",""
"696","SABOGAL","HOSPITAL MARINO MOLINA ","TECNICO NO DIPLOMADO","LABORATORIO","2","",""
"697","SABOGAL","HOSPITAL MARINO MOLINA ","TECNICO NO DIPLOMADO","TERAPIA FISICA Y REHABILITACION","2","",""
"698","SABOGAL","HOSPITAL MARINO MOLINA ","TECNOLOGO MEDICO","RADIOLOGIA","1","",""
"699","SABOGAL","HOSPITAL MARINO MOLINA ","TECNOLOGO MEDICO","TERAPIA FISICA Y REHABILITACION","2","",""
"700","SABOGAL","HOSPITAL NACIONAL ALBERTO SABOGAL SOLOGUREN","ASISTENTE SOCIAL ","","1","",""
"701","SABOGAL","HOSPITAL NACIONAL ALBERTO SABOGAL SOLOGUREN","DIGITADOR ASISTENCIAL","","9","",""
"702","SABOGAL","HOSPITAL NACIONAL ALBERTO SABOGAL SOLOGUREN","ENFERMERA","","157","",""
"703","SABOGAL","HOSPITAL NACIONAL ALBERTO SABOGAL SOLOGUREN","MEDICO ESPECIALISTA","ANESTESIOLOGIA","3","",""
"704","SABOGAL","HOSPITAL NACIONAL ALBERTO SABOGAL SOLOGUREN","MEDICO ESPECIALISTA","CARDIOLOGIA","1","",""
"705","SABOGAL","HOSPITAL NACIONAL ALBERTO SABOGAL SOLOGUREN","MEDICO ESPECIALISTA","CIRUGIA PEDIATRICA","1","",""
"706","SABOGAL","HOSPITAL NACIONAL ALBERTO SABOGAL SOLOGUREN","MEDICO ESPECIALISTA","ENDOCRINOLOGIA","1","",""
"707","SABOGAL","HOSPITAL NACIONAL ALBERTO SABOGAL SOLOGUREN","MEDICO ESPECIALISTA","GASTROENTEROLOGIA","1","",""
"708","SABOGAL","HOSPITAL NACIONAL ALBERTO SABOGAL SOLOGUREN","MEDICO ESPECIALISTA","GERIATRIA","1","",""
"709","SABOGAL","HOSPITAL NACIONAL ALBERTO SABOGAL SOLOGUREN","MEDICO ESPECIALISTA","GINECOLOGIA Y OBSTETRICIA","2","",""
"710","SABOGAL","HOSPITAL NACIONAL ALBERTO SABOGAL SOLOGUREN","MEDICO ESPECIALISTA","MEDICINA DE EMERGENCIA Y DESASTRES","1","",""
"711","SABOGAL","HOSPITAL NACIONAL ALBERTO SABOGAL SOLOGUREN","MEDICO ESPECIALISTA","MEDICINA INTENSIVA","2","",""
"712","SABOGAL","HOSPITAL NACIONAL ALBERTO SABOGAL SOLOGUREN","MEDICO ESPECIALISTA","MEDICINA INTERNA","1","",""
"713","SABOGAL","HOSPITAL NACIONAL ALBERTO SABOGAL SOLOGUREN","MEDICO ESPECIALISTA","MEDICINA ONCOLOGICA","2","",""
"714","SABOGAL","HOSPITAL NACIONAL ALBERTO SABOGAL SOLOGUREN","MEDICO ESPECIALISTA","NEUROCIRUGIA","1","",""
"715","SABOGAL","HOSPITAL NACIONAL ALBERTO SABOGAL SOLOGUREN","MEDICO ESPECIALISTA","NEUROLOGIA","1","",""
"716","SABOGAL","HOSPITAL NACIONAL ALBERTO SABOGAL SOLOGUREN","MEDICO ESPECIALISTA","OFTALMOLOGIA","1","",""
"717","SABOGAL","HOSPITAL NACIONAL ALBERTO SABOGAL SOLOGUREN","MEDICO ESPECIALISTA","PEDIATRIA","1","",""
"718","SABOGAL","HOSPITAL NACIONAL ALBERTO SABOGAL SOLOGUREN","MEDICO ESPECIALISTA","PSIQUIATRIA","1","",""
"719","SABOGAL","HOSPITAL NACIONAL ALBERTO SABOGAL SOLOGUREN","MEDICO ESPECIALISTA","RADIOLOGIA","5","",""
"720","SABOGAL","HOSPITAL NACIONAL ALBERTO SABOGAL SOLOGUREN","NUTRICIONISTA","","3","",""
"721","SABOGAL","HOSPITAL NACIONAL ALBERTO SABOGAL SOLOGUREN","OBSTETRA","","1","",""
"722","SABOGAL","HOSPITAL NACIONAL ALBERTO SABOGAL SOLOGUREN","PSICOLOGO","","2","",""
"723","SABOGAL","HOSPITAL NACIONAL ALBERTO SABOGAL SOLOGUREN","QUIMICO FARMACEUTICO","","3","",""
"724","SABOGAL","HOSPITAL NACIONAL ALBERTO SABOGAL SOLOGUREN","TECNICO DE ENFERMERIA","","96","",""
"725","SABOGAL","HOSPITAL NACIONAL ALBERTO SABOGAL SOLOGUREN","TECNICO NO DIPLOMADO","FARMACIA","5","",""
"726","SABOGAL","HOSPITAL NACIONAL ALBERTO SABOGAL SOLOGUREN","TECNICO NO DIPLOMADO","LABORATORIO","8","",""
"727","SABOGAL","HOSPITAL NACIONAL ALBERTO SABOGAL SOLOGUREN","TECNOLOGO MEDICO","LABORATORIO CLINICO Y ANATOMIA PATOLOGICA","5","",""
"728","SABOGAL","HOSPITAL NACIONAL ALBERTO SABOGAL SOLOGUREN","TECNOLOGO MEDICO","RADIOLOGIA","5","",""
"729","SABOGAL","HOSPITAL NACIONAL ALBERTO SABOGAL SOLOGUREN","TECNOLOGO MEDICO","TERAPIA FISICA Y REHABILITACION","4","",""
"730","SABOGAL","OCTAVIO MONGRUT","DIGITADOR ASISTENCIAL","","3","",""
"731","SABOGAL","OCTAVIO MONGRUT","ENFERMERA","","3","",""
"732","SABOGAL","OCTAVIO MONGRUT","MEDICO ESPECIALISTA","ANESTESIOLOGIA","2","",""
"733","SABOGAL","OCTAVIO MONGRUT","MEDICO ESPECIALISTA","PEDIATRIA","1","",""
"734","SABOGAL","OCTAVIO MONGRUT","TECNICO DE ENFERMERIA","","5","",""
"735","SABOGAL","OCTAVIO MONGRUT","TECNICO NO DIPLOMADO","FARMACIA","2","",""
"736","SABOGAL","OCTAVIO MONGRUT","TECNOLOGO MEDICO","RADIOLOGIA","1","",""
"737","SABOGAL","POL. FIORI","DIGITADOR ASISTENCIAL","","1","",""
"738","SABOGAL","POL. FIORI","TECNOLOGO MEDICO","TERAPIA FISICA Y REHABILITACION","1","",""
"739","SABOGAL","POLICLINICO CC METROPOLITANO","DIGITADOR ASISTENCIAL","","1","",""
"740","SABOGAL","POLICLINICO CC METROPOLITANO","ENFERMERA","","1","",""
"741","SABOGAL","POLICLINICO CC METROPOLITANO","MEDICO GENERAL","","2","",""
"742","SABOGAL","POLICLINICO CC METROPOLITANO","TECNICO DE ENFERMERIA","","8","",""
"743","SABOGAL","POLICLINICO EL RETABLO","DIGITADOR ASISTENCIAL","","1","",""
"744","SABOGAL","POLICLINICO EL RETABLO","ENFERMERA","","4","",""
"745","SABOGAL","POLICLINICO EL RETABLO","MEDICO GENERAL","","8","",""
"746","SABOGAL","POLICLINICO EL RETABLO","TECNICO DE ENFERMERIA","","4","",""
"747","PIURA","CAP II CHULUCANAS","ENFERMERA","","1","",""
"748","PIURA","CAP II CHULUCANAS","MEDICO GENERAL","","3","",""
"749","PIURA","CAP III CASTILLA","MEDICO GENERAL","","3","",""
"750","PIURA","CAP III CATACAOS","TECNICO DE ENFERMERIA","","1","",""
"751","PIURA","CAP III METROPOLITANO","ENFERMERA","","7","",""
"752","PIURA","CAP III METROPOLITANO","MEDICO GENERAL","","6","",""
"753","PIURA","CAP III METROPOLITANO","PSICOLOGO","","1","",""
"754","PIURA","CAP III METROPOLITANO","TECNICO DE ENFERMERIA","","2","",""
"755","PIURA","CAP III METROPOLITANO","TECNICO NO DIPLOMADO","LABORATORIO","1","",""
"756","PIURA","CM. EL ALTO","ENFERMERA","","1","",""
"757","PIURA","CM. LEONCIO AMAYA TUME","MEDICO GENERAL","","3","",""
"758","PIURA","CM. TAMBOGRANDE","CHOFER DE AMBULANCIA","","1","",""
"759","PIURA","CM. TAMBOGRANDE","ENFERMERA","","1","",""
"760","PIURA","CM. TAMBOGRANDE","MEDICO GENERAL","","2","",""
"761","PIURA","HOSP.I PAITA","ENFERMERA","","3","",""
"762","PIURA","HOSP.I PAITA","MEDICO GENERAL","","4","",""
"763","PIURA","HOSP.I PAITA","TECNICO DE ENFERMERIA","","2","",""
"764","PIURA","HOSP.I SULLANA","CHOFER DE AMBULANCIA","","1","",""
"765","PIURA","HOSP.I SULLANA","MEDICO GENERAL","","5","",""
"766","PIURA","HOSP.I SULLANA","TECNICO DE ENFERMERIA","","2","",""
"767","PIURA","HOSP.II JORGE REATEGUI","ENFERMERA","","1","",""
"768","PIURA","HOSP.II JORGE REATEGUI","MEDICO ESPECIALISTA","MEDICINA FISICA Y REHABILITACION","1","",""
"769","PIURA","HOSP.II JORGE REATEGUI","MEDICO GENERAL","","1","",""
"770","PIURA","HOSP.II JORGE REATEGUI","TECNICO DE ENFERMERIA","","2","",""
"771","PIURA","HOSP.II JORGE REATEGUI","TECNOLOGO MEDICO","TERAPIA FISICA Y REHABILITACION","1","",""
"772","PIURA","HOSP.II TALARA","CHOFER DE AMBULANCIA","","1","",""
"773","PIURA","HOSP.II TALARA","ENFERMERA","","1","",""
"774","PIURA","HOSP.II TALARA","MEDICO GENERAL","","3","",""
"775","PIURA","HOSP.II TALARA","TECNICO NO DIPLOMADO","RADIOLOGIA","1","",""
"776","PIURA","HOSP.II TALARA","TECNOLOGO MEDICO","TERAPIA FISICA Y REHABILITACION","1","",""
"777","PIURA","HOSP.III CAYETANO HEREDIA","ASISTENTE SOCIAL ","","1","",""
"778","PIURA","HOSP.III CAYETANO HEREDIA","DIGITADOR ASISTENCIAL","","1","",""
"779","PIURA","HOSP.III CAYETANO HEREDIA","ENFERMERA","","34","",""
"780","PIURA","HOSP.III CAYETANO HEREDIA","MEDICO ESPECIALISTA","MEDICINA INTENSIVA","1","",""
"781","PIURA","HOSP.III CAYETANO HEREDIA","MEDICO ESPECIALISTA","NEUROCIRUGIA","1","",""
"782","PIURA","HOSP.III CAYETANO HEREDIA","MEDICO GENERAL","","8","",""
"783","PIURA","HOSP.III CAYETANO HEREDIA","NUTRICIONISTA","","1","",""
"784","PIURA","HOSP.III CAYETANO HEREDIA","QUIMICO FARMACEUTICO","","1","",""
"785","PIURA","HOSP.III CAYETANO HEREDIA","TECNICO DE ENFERMERIA","","25","",""
"786","PIURA","HOSP.III CAYETANO HEREDIA","TECNICO NO DIPLOMADO","FARMACIA","1","",""
"787","PIURA","HOSP.III CAYETANO HEREDIA","TECNICO NO DIPLOMADO","LABORATORIO","1","",""
"788","PIURA","HOSP.III CAYETANO HEREDIA","TECNOLOGO MEDICO","LABORATORIO CLINICO Y ANATOMIA PATOLOGICA","3","",""
"789","PIURA","HOSP.III CAYETANO HEREDIA","TECNOLOGO MEDICO","RADIOLOGIA","3","",""
"790","PIURA","INST.PERUANO DE OFTALMOLOGIA","ENFERMERA","","4","",""
"791","PIURA","INST.PERUANO DE OFTALMOLOGIA","TECNICO DE ENFERMERIA","","2","",""
"792","PIURA","P.M. CANCHAQUE","MEDICO GENERAL","","1","",""
"793","PIURA","P.M. CANCHAQUE","TECNICO DE ENFERMERIA","","1","",""
"794","PIURA","P.M. MORROPON","MEDICO GENERAL","","1","",""
"795","PIURA","P.M. MORROPON","TECNICO DE ENFERMERIA","","1","",""
"796","PIURA","PM. AYABACA","MEDICO GENERAL","","1","",""
"797","PIURA","PM. AYABACA","TECNICO DE ENFERMERIA","","1","",""
"798","PIURA","PM. HUANCABAMBA","ENFERMERA","","1","",""
"799","PIURA","PM. HUANCABAMBA","MEDICO GENERAL","","1","",""
"800","PIURA","PM. HUANCABAMBA","TECNICO DE ENFERMERIA","","1","",""
"801","PIURA","PM. LOS ORGANOS","MEDICO GENERAL","","1","",""
"802","PIURA","PM. NEGRITOS","ENFERMERA","","1","",""
"803","PIURA","PM. NEGRITOS","TECNICO DE ENFERMERIA","","1","",""
"804","LORETO","CAP II CABALLOCOCHA","ENFERMERA","","1","",""
"805","LORETO","CAP II REQUENA","ENFERMERA","","1","",""
"806","LORETO","HOSPITAL I YURIMAGUAS","ENFERMERA","","1","",""
"807","LORETO","HOSPITAL I YURIMAGUAS","TECNICO DE ENFERMERIA","","1","",""
"808","LORETO","HOSPITAL I YURIMAGUAS","TECNICO NO DIPLOMADO","FARMACIA","1","",""
"809","LORETO","HOSPITAL III IQUITOS","TECNICO NO DIPLOMADO","FARMACIA","1","",""
"810","LORETO","HOSPITAL III IQUITOS","TECNOLOGO MEDICO","LABORATORIO CLINICO Y ANATOMIA PATOLOGICA","1","",""
"811","CENATE","","MEDICO ESPECIALISTA","CARDIOLOGIA","1","",""
"812","CENATE","","ENFERMERA","","11","",""
"813","CENATE","","MEDICO ESPECIALISTA","MEDICINA FAMILIAR Y SALUD COMUNITARIA","1","",""
"814","CENATE","","MEDICO GENERAL","","36","",""
"815","CENATE","","MEDICO ESPECIALISTA","MEDICINA INTERNA","1","",""
"816","CENATE","","PSICOLOGO","","1","",""
"817","CENATE","","MEDICO ESPECIALISTA","RADIOLOGIA","2","",""
"818","CENATE","","MEDICO ESPECIALISTA","UROLOGIA","1","",""
"819","JULIACA","HOSPITAL BASE III JULIACA","ENFERMERA","","2","",""
"820","JULIACA","HOSPITAL BASE III JULIACA","MEDICO ESPECIALISTA","MEDICINA INTENSIVA","1","",""
"821","JULIACA","HOSPITAL BASE III JULIACA","OBSTETRA","","3","",""
"822","JULIACA","HOSPITAL BASE III JULIACA","TECNOLOGO MEDICO","TERAPIA FISICA Y REHABILITACION","1","",""
"823","JULIACA","POSTA MEDICA SANDIA","TECNICO DE ENFERMERIA","","1","",""
"824","PUNO","CAP III METROPOLITANO","ENFERMERA","","2","",""
"825","PUNO","H.III PUNO","ENFERMERA","","2","",""
"826","PUNO","H.III PUNO","MEDICO ESPECIALISTA","ANESTESIOLOGIA","1","",""
"827","PUNO","H.III PUNO","MEDICO GENERAL","","3","",""
"828","PUNO","H.III PUNO","TECNICO DE ENFERMERIA","","2","",""
"829","PUNO","H.III PUNO","TECNICO NO DIPLOMADO","NUTRICION","3","",""
"830","PUNO","HOSPITAL I CLINICA UNIV.","ENFERMERA","","1","",""
"831","PUNO","HOSPITAL I CLINICA UNIV.","MEDICO GENERAL","","1","",""
"832","PUNO","POL. ILAVE","ENFERMERA","","1","",""
"833","UCAYALI","CAP I CAMPO VERDE","ENFERMERA","","1","",""
"834","UCAYALI","CAP I CAMPO VERDE","MEDICO GENERAL","","1","",""
"835","UCAYALI","CAP I CAMPO VERDE","TECNICO DE ENFERMERIA","","1","",""
"836","UCAYALI","CAP I MANANTAY","MEDICO GENERAL","","1","",""
"837","UCAYALI","H.II PUCALLPA","MEDICO ESPECIALISTA","MEDICINA DE ENFERMEDADES INFECCIOSAS Y TROPICALES","1","",""
"838","UCAYALI","H.II PUCALLPA","TECNOLOGO MEDICO","LABORATORIO CLINICO Y ANATOMIA PATOLOGICA","3","",""
"839","UCAYALI","H.II PUCALLPA","TECNOLOGO MEDICO","RADIOLOGIA","1","",""
"840","UCAYALI","H.II PUCALLPA","AUXILIAR DE SERVICIO ASISTENCIAL","","1","",""
"841","UCAYALI","H.II PUCALLPA","DIGITADOR ASISTENCIAL","","5","",""
"842","UCAYALI","H.II PUCALLPA","ENFERMERA","","17","",""
"843","UCAYALI","H.II PUCALLPA","MEDICO GENERAL","","6","",""
"844","UCAYALI","H.II PUCALLPA","OBSTETRA","","1","",""
"845","UCAYALI","H.II PUCALLPA","TECNICO DE ENFERMERIA","","6","",""
"846","UCAYALI","P.M. AGUAYTIA","TECNICO DE ENFERMERIA","","1","",""
"847","UCAYALI","P.M. ALAMEDA","ENFERMERA","","1","",""
"848","UCAYALI","P.M. ALAMEDA","MEDICO GENERAL","","2","",""
"849","UCAYALI","P.M. ALAMEDA","TECNICO DE ENFERMERIA","","1","",""
"850","UCAYALI","P.M. ATALAYA","MEDICO GENERAL","","1","",""
"851","UCAYALI","P.M. CONTAMANA","ENFERMERA","","1","",""
"852","UCAYALI","P.M. CONTAMANA","MEDICO GENERAL","","1","",""
"853","LAMBAYEQUE","C.M. CAYALTI","MEDICO GENERAL","","1","",""
"854","LAMBAYEQUE","C.M. JUAN AITA VALLE - ETEN","ENFERMERA","","1","",""
"855","LAMBAYEQUE","C.M. JUAN AITA VALLE - ETEN","MEDICO GENERAL","","4","",""
"856","LAMBAYEQUE","CAP II PATAPO","MEDICO GENERAL","","1","",""
"857","LAMBAYEQUE","CAP III M.MANRIQUE - J. L. ORTIZ","MEDICO GENERAL","","3","",""
"858","LAMBAYEQUE","CM.CAPII CHONGOYAPE","ENFERMERA","","1","",""
"859","LAMBAYEQUE","CM.CAPII CHONGOYAPE","MEDICO GENERAL","","2","",""
"860","LAMBAYEQUE","CM.CAPII JAYANCA","MEDICO GENERAL","","4","",""
"861","LAMBAYEQUE","CM.CAPII MOTUPE","MEDICO GENERAL","","2","",""
"862","LAMBAYEQUE","CM.CAPII MOTUPE","ENFERMERA","","1","",""
"863","LAMBAYEQUE","H.I  ARBULU NEYRA FERREÑAFE","MEDICO GENERAL","","4","",""
"864","LAMBAYEQUE","H.I CHEPEN","MEDICO GENERAL","","4","",""
"865","LAMBAYEQUE","H.II C.ESP.M.INTERNA TUMAN","ENFERMERA","","1","",""
"866","LAMBAYEQUE","H.II C.ESP.M.INTERNA TUMAN","MEDICO GENERAL","","2","",""
"867","LAMBAYEQUE","H.II LUIS HEYSEN","DIGITADOR ASISTENCIAL","","1","",""
"868","LAMBAYEQUE","H.II LUIS HEYSEN","MEDICO GENERAL","","1","",""
"869","LAMBAYEQUE","H.II LUIS HEYSEN","NUTRICIONISTA","","1","",""
"870","LAMBAYEQUE","HM CHOTA","CHOFER DE AMBULANCIA","","1","",""
"871","LAMBAYEQUE","HM CHOTA","MEDICO GENERAL","","4","",""
"872","LAMBAYEQUE","HM CUTERVO","CHOFER DE AMBULANCIA","","1","",""
"873","LAMBAYEQUE","HM CUTERVO","DIGITADOR ASISTENCIAL","","2","",""
"874","LAMBAYEQUE","HM CUTERVO","MEDICO GENERAL","","6","",""
"875","LAMBAYEQUE","HM CUTERVO","TECNICO DE ENFERMERIA","","2","",""
"876","LAMBAYEQUE","HNAAA","ENFERMERA","","30","",""
"877","LAMBAYEQUE","HNAAA","MEDICO ESPECIALISTA","NEUROCIRUGIA","1","",""
"878","LAMBAYEQUE","HNAAA","MEDICO ESPECIALISTA","PEDIATRIA","1","",""
"879","LAMBAYEQUE","HNAAA","NUTRICIONISTA","","2","",""
"880","LAMBAYEQUE","HNAAA","TECNICO DE ENFERMERIA","","10","",""
"881","LAMBAYEQUE","P.M. OLMOS","MEDICO GENERAL","","1","",""
"882","LAMBAYEQUE","P.M. OYOTUN","MEDICO GENERAL","","1","",""
"883","LAMBAYEQUE","P.M. TUCUME","MEDICO GENERAL","","1","",""
"884","LAMBAYEQUE","POL. CHICLAYO OESTE","MEDICO GENERAL","","1","",""
"885","LAMBAYEQUE","POL. GAVIDIA SALCEDO LAMBAYEQUE","MEDICO GENERAL","","2","",""
"886","SEDE CENTRAL","DIRECCIÓN DE PROGRAMAS ESPECIALES – SUB GERENCIA DE PROYECTOS ESPECIALES – GERENCIA DE OFERTA FLEXIBLE","DIGITADOR","","3","",""
"887","SEDE CENTRAL","SUB GERENCIA DE SERVICIO DE TRANSPORTE ASISTIDO DE EMERGENCIAS – STAE- GERENCIA DE OFERTA FLEXIBLE","DIGITADOR","","2","",""
"888","SEDE CENTRAL","SUB GERENCIA DE ATENCIÓN DOMICILIARIA – GERENCIA DE OFERTA FLEXIBLE ","DIGITADOR","","2","",""
"889","RA AREQUIPA","CAP II HUNTER","DIGITADOR","","1","",""
"890","RA AREQUIPA","CAP II MELITON SALAS TEJADA","DIGITADOR","","2","",""
"891","RA AREQUIPA","HNCASE-COPHOES ","DIGITADOR","","1","",""
"892","RA AREQUIPA","HNCASE-ADMISION-CENATE","DIGITADOR","","1","",""
"893","RA AREQUIPA","H.II MANUEL DE TORRES MOLLENDO","DIGITADOR","","1","",""
"894","RA AREQUIPA","H.I EDMUNDO ESCOMEL","DIGITADOR","","2","",""
"895","RA AREQUIPA","HNCASE-FARMACIA","DIGITADOR","","1","",""
"896","RA AREQUIPA","H.I EDMUNDO ESCOMEL","DIGITADOR","","1","",""
"897","RA AREQUIPA","HEMOTERAPIA Y BANCO DE SANGRE","DIGITADOR","","1","",""
"898","RA AREQUIPA","POLICLINO METROPOLITANO","DIGITADOR","","1","",""
"899","RA AREQUIPA","CAP III MIRAFLORES","DIGITADOR","","3","",""
"900","RA AREQUIPA","HNCASE-DIAGNOSTICO POR IMÁGENES","DIGITADOR","","1","",""
"901","RA AREQUIPA","HNCASE-SERVICIO DE NUTRICION ","DIGITADOR","","1","",""
"902","RP ALMENARA","H.II. SAN ISIDRO LABRADOR","DIGITADOR","","14","",""
"903","RP ALMENARA","HOSP.II VITARTE","DIGITADOR","","10","",""
"904","RP ALMENARA","HOSP.III EMERGENCIA GRAU","DIGITADOR","","15","",""
"905","RP ALMENARA","HOSPITAL NACIONAL GUILLERMO ALMENARA","DIGITADOR","","24","",""
"906","RP ALMENARA","POL. CHOSICA","DIGITADOR","","11","",""
"907","RP ALMENARA","POL.CAP.III SAN BORJA","DIGITADOR","","9","",""
"908","RP ALMENARA","POL.CAPIII ALFREDO PIAZZA - LA VICTORIA","DIGITADOR","","1","",""
"","","","","","","",""
"","","","MG","","213","",""
